/*
Navicat MySQL Data Transfer

Source Server         : 106.14.15.194
Source Server Version : 50636
Source Host           : 106.14.15.194:3306
Source Database       : concap

Target Server Type    : MYSQL
Target Server Version : 50636
File Encoding         : 65001

Date: 2018-04-09 08:59:42
*/

SET FOREIGN_KEY_CHECKS=0;

-- ----------------------------
-- Table structure for concap_company
-- ----------------------------
DROP TABLE IF EXISTS `concap_company`;
CREATE TABLE `concap_company` (
  `sysno` bigint(20) NOT NULL AUTO_INCREMENT COMMENT '自增主键',
  `companyname` varchar(100) NOT NULL COMMENT '客户名称',
  `companyabbreviation` varchar(20) NOT NULL COMMENT '客户简称',
  `companycreditcode` varchar(255) DEFAULT NULL COMMENT '三证合一，社会信用代码',
  `companyrepresentative` varchar(50) DEFAULT NULL COMMENT '法人代表',
  `companyaddress` varchar(255) DEFAULT NULL COMMENT '客户地址',
  `companybank` varchar(50) DEFAULT NULL COMMENT '开户银行',
  `companyaccount` varchar(50) DEFAULT NULL COMMENT '开户账号',
  `bankaddress` varchar(255) DEFAULT NULL,
  `companytelephone` varchar(100) DEFAULT NULL COMMENT '客户电话',
  `companyfax` varchar(100) DEFAULT NULL COMMENT '传真',
  `memo` varchar(1000) DEFAULT NULL COMMENT '备注',
  `status` tinyint(1) NOT NULL DEFAULT '1' COMMENT '状态：1启用2停用',
  `isdel` tinyint(1) NOT NULL DEFAULT '0' COMMENT '逻辑删除：1是0否',
  `version` int(11) NOT NULL DEFAULT '1' COMMENT '版本号：不需要的不用管这字段',
  `created_at` datetime NOT NULL COMMENT '创建时间',
  `updated_at` datetime NOT NULL COMMENT '最后更新时间',
  PRIMARY KEY (`sysno`)
) ENGINE=InnoDB AUTO_INCREMENT=13 DEFAULT CHARSET=utf8 COMMENT='供应商表';

-- ----------------------------
-- Records of concap_company
-- ----------------------------
INSERT INTO `concap_company` VALUES ('1', '雅芳（中国）有限公司  ', '雅芳', '91440101618405114U', '张旭明', '广州市天河区珠江新城花城大道18号建滔广场7楼第03-04单元', null, null, null, null, null, null, '1', '0', '1', '2017-08-25 11:11:56', '2017-08-25 11:11:59');
INSERT INTO `concap_company` VALUES ('2', '如新（中国）日用保健品有限公司', '如新', '91310000607216430D', 'RYAN SHEA NAPIERSKI', '上海市奉贤区龙洋工业园区29号厂房、23号厂房一层', '', '', '', '', '', '', '1', '0', '1', '2018-04-04 10:51:00', '2018-04-04 10:51:00');
INSERT INTO `concap_company` VALUES ('3', '宝健（中国）有限公司', '宝健', '911103026000375000', '李道', '北京市北京经济技术开发区西环南路16号', '', '', '', '', '', '', '1', '0', '1', '2018-04-04 10:51:00', '2018-04-04 10:51:00');
INSERT INTO `concap_company` VALUES ('4', '三生（中国）健康产业有限公司', '三生', '913302007614539000', '林祥土', '浙江省宁波市海曙区石碶街道三生健康产业园', '', '', '', '', '', '', '1', '0', '1', '2018-04-04 10:51:00', '2018-04-04 10:51:00');
INSERT INTO `concap_company` VALUES ('5', '南京中脉科技发展有限公司', '中脉', '91320111721736608C', '薛勇', '南京市浦口区景天路9号', '', '', '', '', '', '', '1', '0', '1', '2018-04-04 10:51:00', '2018-04-04 10:51:00');
INSERT INTO `concap_company` VALUES ('6', '新时代健康产业（集团）有限公司', '新时代', '91110000710932945K', '刘国平', '北京市昌平区科学园路10号院1号楼', '', '', '', '', '', '', '1', '0', '1', '2018-04-04 10:51:00', '2018-04-04 10:51:00');
INSERT INTO `concap_company` VALUES ('7', '欧瑞莲化妆品（中国）有限公司', '欧瑞莲', '91320583765135169H', 'MUENTZING RICHARD PONTUS', '江苏省昆山经济技术开发区南浜路529号', '', '', '', '', '', '', '1', '0', '1', '2018-04-04 10:51:00', '2018-04-04 10:51:00');
INSERT INTO `concap_company` VALUES ('8', '金士力佳友（天津）有限公司', '金士力', '91120000749138431J', '闫希军', '天津新技术产业园区北辰科技工业园', '', '', '', '', '', '', '1', '0', '1', '2018-04-04 10:51:00', '2018-04-04 10:51:00');
INSERT INTO `concap_company` VALUES ('9', '富迪健康科技有限公司', '富迪', '913100006072986000', 'CHAN KI CHING', '上海市浦东新区六团普陀路218号', '', '', '', '', '', '', '1', '0', '1', '2018-04-04 10:51:00', '2018-04-04 10:51:00');
INSERT INTO `concap_company` VALUES ('10', '安利(中国)日用品有限公司', '安利', '914401016184194872', '黄德荫', '广州经济技术开发区北围工业区一区', '', '', '', '', '', '', '1', '0', '1', '2018-04-04 10:51:00', '2018-04-04 10:51:00');
INSERT INTO `concap_company` VALUES ('11', '完美（中国）有限公司', '完美', '91442000617592341J', '古润金', '广东省中山市石岐区东明北路（民营科技园）', '', '', '', '', '', '', '1', '0', '1', '2018-04-04 10:51:00', '2018-04-04 10:51:00');
INSERT INTO `concap_company` VALUES ('12', '玫琳凯（中国）有限公司', '玫琳凯', '91330100609167206N', 'Chua Kheng Kok', '杭州经济技术开发区14号大街（西）35号', '', '', '', '', '', '', '1', '0', '1', '2018-04-04 10:51:00', '2018-04-04 10:51:00');

-- ----------------------------
-- Table structure for concap_company_institution
-- ----------------------------
DROP TABLE IF EXISTS `concap_company_institution`;
CREATE TABLE `concap_company_institution` (
  `sysno` bigint(20) NOT NULL AUTO_INCREMENT,
  `company_sysno` bigint(20) DEFAULT NULL,
  `startprice` decimal(10,0) DEFAULT NULL,
  `endprice` decimal(10,0) DEFAULT NULL,
  `profit` varchar(255) COLLATE utf8_unicode_ci DEFAULT '' COMMENT '级差',
  `memo` varchar(1000) CHARACTER SET utf8 DEFAULT NULL COMMENT '备注',
  `status` tinyint(1) NOT NULL DEFAULT '1' COMMENT '状态：1启用2停用',
  `isdel` tinyint(1) NOT NULL DEFAULT '0' COMMENT '逻辑删除：1是0否',
  `version` int(11) NOT NULL DEFAULT '1' COMMENT '版本号：不需要的不用管这字段',
  `created_at` datetime NOT NULL COMMENT '创建时间',
  `updated_at` datetime NOT NULL COMMENT '最后更新时间',
  PRIMARY KEY (`sysno`)
) ENGINE=InnoDB AUTO_INCREMENT=9 DEFAULT CHARSET=utf8 COLLATE=utf8_unicode_ci COMMENT='供应商制度表';

-- ----------------------------
-- Records of concap_company_institution
-- ----------------------------
INSERT INTO `concap_company_institution` VALUES ('1', '10', null, '5000', '9', null, '1', '0', '1', '2018-04-05 15:30:54', '2018-04-05 15:30:57');

-- ----------------------------
-- Table structure for concap_goods
-- ----------------------------
DROP TABLE IF EXISTS `concap_goods`;
CREATE TABLE `concap_goods` (
  `sysno` bigint(20) NOT NULL AUTO_INCREMENT,
  `classify_sysno` bigint(20) NOT NULL,
  `company_sysno` bigint(20) DEFAULT NULL,
  `goodsno` varchar(255) COLLATE utf8_unicode_ci DEFAULT NULL,
  `goodsname` varchar(255) COLLATE utf8_unicode_ci DEFAULT NULL,
  `price` decimal(10,0) DEFAULT NULL,
  `introduce` varchar(255) COLLATE utf8_unicode_ci DEFAULT NULL,
  `imageaddress` varchar(255) COLLATE utf8_unicode_ci DEFAULT NULL,
  `memo` varchar(1000) CHARACTER SET utf8 DEFAULT NULL COMMENT '备注',
  `status` tinyint(1) NOT NULL DEFAULT '1' COMMENT '状态：1启用2停用',
  `isdel` tinyint(1) NOT NULL DEFAULT '0' COMMENT '逻辑删除：1是0否',
  `version` int(11) NOT NULL DEFAULT '1' COMMENT '版本号：不需要的不用管这字段',
  `created_at` datetime NOT NULL COMMENT '创建时间',
  `updated_at` datetime NOT NULL COMMENT '最后更新时间',
  PRIMARY KEY (`sysno`)
) ENGINE=InnoDB AUTO_INCREMENT=343 DEFAULT CHARSET=utf8 COLLATE=utf8_unicode_ci COMMENT='商品表';

-- ----------------------------
-- Records of concap_goods
-- ----------------------------
INSERT INTO `concap_goods` VALUES ('1', '0', '10', '29601', '维生素C片131克/200片', '347', '', '', '', '1', '0', '1', '2017-08-25 11:12:00', '2017-08-25 11:12:00');
INSERT INTO `concap_goods` VALUES ('2', '0', '10', '29425', '天然B族维生素片73克/140片', '186', '', '', '', '1', '0', '1', '2017-08-25 11:12:00', '2017-08-25 11:12:00');
INSERT INTO `concap_goods` VALUES ('3', '0', '10', '29598', '天然B族维生素片155克/300片', '360', '', '', '', '1', '0', '1', '2017-08-25 11:12:00', '2017-08-25 11:12:00');
INSERT INTO `concap_goods` VALUES ('4', '0', '10', '29423', '小麦胚芽油营养胶囊53克/120粒', '215', '', '', '', '1', '0', '1', '2017-08-25 11:12:00', '2017-08-25 11:12:00');
INSERT INTO `concap_goods` VALUES ('5', '0', '10', '29603', '小麦胚芽油营养胶囊98克/225粒', '390', '', '', '', '1', '0', '1', '2017-08-25 11:12:00', '2017-08-25 11:12:00');
INSERT INTO `concap_goods` VALUES ('6', '0', '10', '29605', '果蔬纤维素嚼片127克/90片', '172', '', '', '', '1', '0', '1', '2017-08-25 11:12:00', '2017-08-25 11:12:00');
INSERT INTO `concap_goods` VALUES ('7', '0', '10', '29629', '钙镁片233克/250片', '228', '', '', '', '1', '0', '1', '2017-08-25 11:12:00', '2017-08-25 11:12:00');
INSERT INTO `concap_goods` VALUES ('8', '0', '10', '29422', '铁质叶酸片90克/150片', '170', '', '', '', '1', '0', '1', '2017-08-25 11:12:00', '2017-08-25 11:12:00');
INSERT INTO `concap_goods` VALUES ('9', '0', '10', '23974', '多种营养素咀嚼片（儿童型）86克/90片', '228', '', '', '', '1', '0', '1', '2017-08-25 11:12:00', '2017-08-25 11:12:00');
INSERT INTO `concap_goods` VALUES ('10', '0', '10', '29608', '儿童钙镁片215克/100片', '167', '', '', '', '1', '0', '1', '2017-08-25 11:12:00', '2017-08-25 11:12:00');
INSERT INTO `concap_goods` VALUES ('11', '0', '10', '23973', '铁咀嚼片（儿童型）95克/100片', '110', '', '', '', '1', '0', '1', '2017-08-25 11:12:00', '2017-08-25 11:12:00');
INSERT INTO `concap_goods` VALUES ('12', '0', '10', '29599', '维生素C片（儿童型）116克/100片', '140', '', '', '', '1', '0', '1', '2017-08-25 11:12:00', '2017-08-25 11:11:00');
INSERT INTO `concap_goods` VALUES ('13', '0', '10', '100047', '倍立健片100克/袋*2袋*90片/袋', '460', '', '', '', '1', '0', '1', '2017-08-25 11:12:00', '2017-08-25 11:11:00');
INSERT INTO `concap_goods` VALUES ('14', '0', '10', '20012', '倍立健片续量装100克/袋*4袋*90片/袋', '850', '', '', '', '1', '0', '1', '2017-08-25 11:12:00', '2017-08-25 11:11:00');
INSERT INTO `concap_goods` VALUES ('15', '0', '10', '20007', '蛋白质粉400克', '282', '', '', '', '1', '0', '1', '2017-08-25 11:12:00', '2017-08-25 11:11:00');
INSERT INTO `concap_goods` VALUES ('16', '0', '10', '20010', '蛋白质粉770克', '510', '', '', '', '1', '0', '1', '2017-08-25 11:12:00', '2017-08-25 11:11:00');
INSERT INTO `concap_goods` VALUES ('17', '0', '10', '20011', '蛋白质粉（独立包装）10克/包*36包', '289', '', '', '', '1', '0', '1', '2017-08-25 11:12:00', '2017-08-25 11:11:00');
INSERT INTO `concap_goods` VALUES ('18', '0', '10', '29607', '深海鲑鱼油胶囊125克/90粒', '330', '', '', '', '1', '0', '1', '2017-08-25 11:12:00', '2017-08-25 11:11:00');
INSERT INTO `concap_goods` VALUES ('19', '0', '10', '24317', '茶族软胶囊37克/60粒', '340', '', '', '', '1', '0', '1', '2017-08-25 11:12:00', '2017-08-25 11:11:00');
INSERT INTO `concap_goods` VALUES ('20', '0', '10', '29426', '越橘益视胶囊46克/70粒', '326', '', '', '', '1', '0', '1', '2017-08-25 11:12:00', '2017-08-25 11:11:00');
INSERT INTO `concap_goods` VALUES ('21', '0', '10', '29428', '银杏健忆胶囊57克/81粒', '290', '', '', '', '1', '0', '1', '2017-08-25 11:12:00', '2017-08-25 11:11:00');
INSERT INTO `concap_goods` VALUES ('22', '0', '10', '29424', '松果菊健体片50克/105片', '326', '', '', '', '1', '0', '1', '2017-08-25 11:12:00', '2017-08-25 11:11:00');
INSERT INTO `concap_goods` VALUES ('23', '0', '10', '29604', '天然类胡萝卜素胶囊104克/180粒', '400', '', '', '', '1', '0', '1', '2017-08-25 11:12:00', '2017-08-25 11:11:00');
INSERT INTO `concap_goods` VALUES ('24', '0', '10', '29421', '薄荷香蒜片70克/110片', '228', '', '', '', '1', '0', '1', '2017-08-25 11:12:00', '2017-08-25 11:11:00');
INSERT INTO `concap_goods` VALUES ('25', '0', '10', '25036', '蛋白饮品（天然水果口味儿童型）800克', '288', '', '', '', '1', '0', '1', '2017-08-25 11:12:00', '2017-08-25 11:11:00');
INSERT INTO `concap_goods` VALUES ('26', '0', '10', '102206', '儿童高蛋白饮品（天然草莓口味）875克', '308', '', '', '', '1', '0', '1', '2017-08-25 11:12:00', '2017-08-25 11:11:00');
INSERT INTO `concap_goods` VALUES ('27', '0', '10', '20001', '儿童高蛋白饮品（巧克力口味）875克', '286', '', '', '', '1', '0', '1', '2017-08-25 11:12:00', '2017-08-25 11:11:00');
INSERT INTO `concap_goods` VALUES ('28', '0', '10', '3222', '浓缩多用途清洁剂1升', '42', '', '', '', '1', '0', '1', '2017-08-25 11:12:00', '2017-08-25 11:11:00');
INSERT INTO `concap_goods` VALUES ('29', '0', '10', '2546', '浓缩浴室清洁剂1升', '46', '', '', '', '1', '0', '1', '2017-08-25 11:12:00', '2017-08-25 11:11:00');
INSERT INTO `concap_goods` VALUES ('30', '0', '10', '2536', '浓缩厨房去渍剂1升', '43', '', '', '', '1', '0', '1', '2017-08-25 11:12:00', '2017-08-25 11:11:00');
INSERT INTO `concap_goods` VALUES ('31', '3', '10', '2537', '浓缩玻璃清洁剂1升', '36', '', '', '', '1', '0', '1', '2017-08-25 11:12:00', '2017-08-25 11:11:00');
INSERT INTO `concap_goods` VALUES ('32', '0', '10', '486', '磨粒亮洁剂500毫升', '56', '', '', '', '1', '0', '1', '2017-08-25 11:12:00', '2017-08-25 11:10:00');
INSERT INTO `concap_goods` VALUES ('33', '0', '10', '2539', '皮革亮洁剂500毫升', '65', '', '', '', '1', '0', '1', '2017-08-25 11:12:00', '2017-08-25 11:10:00');
INSERT INTO `concap_goods` VALUES ('34', '0', '10', '2541', '浓缩空气清新剂100克', '43', '', '', '', '1', '0', '1', '2017-08-25 11:12:00', '2017-08-25 11:10:00');
INSERT INTO `concap_goods` VALUES ('35', '0', '10', '2540', '浓缩洗洁精1升', '46', '', '', '', '1', '0', '1', '2017-08-25 11:12:00', '2017-08-25 11:10:00');
INSERT INTO `concap_goods` VALUES ('36', '0', '10', '2563', '不锈钢软丝刷4个/盒', '25', '', '', '', '1', '0', '1', '2017-08-25 11:12:00', '2017-08-25 11:10:00');
INSERT INTO `concap_goods` VALUES ('37', '3', '10', '2532', '多效倍洁洗衣液1升', '75', '', '', '', '1', '0', '1', '2017-08-25 11:12:00', '2017-08-25 11:10:00');
INSERT INTO `concap_goods` VALUES ('38', '0', '10', '479', '多效纤细衣物洗涤剂1升', '85', '', '', '', '1', '0', '1', '2017-08-25 11:12:00', '2017-08-25 11:10:00');
INSERT INTO `concap_goods` VALUES ('39', '0', '10', '568', '高效洁白洗衣粉1千克', '59', '', '', '', '1', '0', '1', '2017-08-25 11:12:00', '2017-08-25 11:10:00');
INSERT INTO `concap_goods` VALUES ('40', '0', '10', '403', '预洗喷洁剂350克', '54', '', '', '', '1', '0', '1', '2017-08-25 11:12:00', '2017-08-25 11:10:00');
INSERT INTO `concap_goods` VALUES ('41', '2', '10', '30226', '丝婷洁净调理二合一洗发露300毫升', '56', '', '', '', '1', '0', '1', '2017-08-25 11:12:00', '2017-08-25 11:10:00');
INSERT INTO `concap_goods` VALUES ('42', '2', '10', '34680', '丝婷滋润调理洗发露300毫升', '52', '', '', '', '1', '0', '1', '2017-08-25 11:12:00', '2017-08-25 11:10:00');
INSERT INTO `concap_goods` VALUES ('43', '2', '10', '34681', '丝婷清爽调理洗发露300毫升', '52', '', '', '', '1', '0', '1', '2017-08-25 11:12:00', '2017-08-25 11:10:00');
INSERT INTO `concap_goods` VALUES ('44', '0', '10', '34684', '丝婷柔顺润泽护发素300毫升', '52', '', '', '', '1', '0', '1', '2017-08-25 11:12:00', '2017-08-25 11:10:00');
INSERT INTO `concap_goods` VALUES ('45', '2', '10', '34682', '丝婷去屑调理洗发露300毫升', '52', '', '', '', '1', '0', '1', '2017-08-25 11:12:00', '2017-08-25 11:10:00');
INSERT INTO `concap_goods` VALUES ('46', '0', '10', '34685', '丝婷去屑调理护发素300毫升', '52', '', '', '', '1', '0', '1', '2017-08-25 11:12:00', '2017-08-25 11:10:00');
INSERT INTO `concap_goods` VALUES ('47', '2', '10', '30011', '丝婷彩护润泽洗发露300毫升', '64', '', '', '', '1', '0', '1', '2017-08-25 11:12:00', '2017-08-25 11:10:00');
INSERT INTO `concap_goods` VALUES ('48', '0', '10', '30012', '丝婷彩护润泽护发素300毫升', '64', '', '', '', '1', '0', '1', '2017-08-25 11:12:00', '2017-08-25 11:10:00');
INSERT INTO `concap_goods` VALUES ('49', '0', '10', '34687', '丝婷保湿顺发喷雾200毫升', '90', '', '', '', '1', '0', '1', '2017-08-25 11:12:00', '2017-08-25 11:10:00');
INSERT INTO `concap_goods` VALUES ('50', '0', '10', '34686', '丝婷深层修护润发乳240克', '110', '', '', '', '1', '0', '1', '2017-08-25 11:12:00', '2017-08-25 11:10:00');
INSERT INTO `concap_goods` VALUES ('51', '0', '10', '30269', '丝婷清爽造型啫喱150克', '51', '', '', '', '1', '0', '1', '2017-08-25 11:12:00', '2017-08-25 11:10:00');
INSERT INTO `concap_goods` VALUES ('52', '0', '10', '35100', '持久定型定型水200毫升', '60', '', '', '', '1', '0', '1', '2017-08-25 11:12:00', '2017-08-25 11:09:00');
INSERT INTO `concap_goods` VALUES ('53', '0', '10', '31592', '自然造型泡沫160毫升', '64', '', '', '', '1', '0', '1', '2017-08-25 11:12:00', '2017-08-25 11:09:00');
INSERT INTO `concap_goods` VALUES ('54', '0', '10', '30022', '自然造型泡沫补充装400毫升', '124', '', '', '', '1', '0', '1', '2017-08-25 11:12:00', '2017-08-25 11:09:00');
INSERT INTO `concap_goods` VALUES ('55', '2', '10', '34207', '雅蜜健肤沐浴露250毫升', '40', '', '', '', '1', '0', '1', '2017-08-25 11:12:00', '2017-08-25 11:09:00');
INSERT INTO `concap_goods` VALUES ('56', '2', '10', '30003', '雅蜜润肤沐浴露250毫升', '38', '', '', '', '1', '0', '1', '2017-08-25 11:12:00', '2017-08-25 11:09:00');
INSERT INTO `concap_goods` VALUES ('57', '2', '10', '30004', '雅蜜润肤沐浴露750毫升', '90', '', '', '', '1', '0', '1', '2017-08-25 11:12:00', '2017-08-25 11:09:00');
INSERT INTO `concap_goods` VALUES ('58', '0', '10', '30001', '雅蜜润肤露100毫升', '28', '', '', '', '1', '0', '1', '2017-08-25 11:12:00', '2017-08-25 11:09:00');
INSERT INTO `concap_goods` VALUES ('59', '0', '10', '30069', '雅蜜润肤露400毫升', '86', '', '', '', '1', '0', '1', '2017-08-25 11:12:00', '2017-08-25 11:09:00');
INSERT INTO `concap_goods` VALUES ('60', '0', '10', '30005', '雅蜜润肤蜜露香皂250克/3块', '64', '', '', '', '1', '0', '1', '2017-08-25 11:12:00', '2017-08-25 11:09:00');
INSERT INTO `concap_goods` VALUES ('61', '0', '10', '30007', '雅蜜多用滋润条3.5克', '74', '', '', '', '1', '0', '1', '2017-08-25 11:12:00', '2017-08-25 11:09:00');
INSERT INTO `concap_goods` VALUES ('62', '0', '10', '32178', '雅蜜美体适走珠止汗露100毫升', '63', '', '', '', '1', '0', '1', '2017-08-25 11:12:00', '2017-08-25 11:09:00');
INSERT INTO `concap_goods` VALUES ('63', '2', '10', '30015', '雅蜜婴儿沐浴洗发露200毫升', '54', '', '', '', '1', '0', '1', '2017-08-25 11:12:00', '2017-08-25 11:09:00');
INSERT INTO `concap_goods` VALUES ('64', '0', '10', '30018', '雅蜜婴儿润肤乳200毫升', '64', '', '', '', '1', '0', '1', '2017-08-25 11:12:00', '2017-08-25 11:09:00');
INSERT INTO `concap_goods` VALUES ('65', '0', '10', '30021', '雅蜜婴儿润肤霜50毫升', '42', '', '', '', '1', '0', '1', '2017-08-25 11:12:00', '2017-08-25 11:09:00');
INSERT INTO `concap_goods` VALUES ('66', '0', '10', '36833', '丽齿健多效含氟牙膏200克', '39', '', '', '', '1', '0', '1', '2017-08-25 11:12:00', '2017-08-25 11:09:00');
INSERT INTO `concap_goods` VALUES ('67', '2', '10', '30729', '丽齿健多效白茶牙膏200克', '40', '', '', '', '1', '0', '1', '2017-08-25 11:12:00', '2017-08-25 11:09:00');
INSERT INTO `concap_goods` VALUES ('68', '0', '10', '39949', '丽齿健浓缩漱口水50毫升', '108', '', '', '', '1', '0', '1', '2017-08-25 11:12:00', '2017-08-25 11:09:00');
INSERT INTO `concap_goods` VALUES ('69', '2', '10', '39893', '丽齿健薄荷口腔清新喷雾剂11克', '32', '', '', '', '1', '0', '1', '2017-08-25 11:12:00', '2017-08-25 11:09:00');
INSERT INTO `concap_goods` VALUES ('70', '0', '10', '30008', '丽齿健全护型牙刷4支装', '102', '', '', '', '1', '0', '1', '2017-08-25 11:12:00', '2017-08-25 11:09:00');
INSERT INTO `concap_goods` VALUES ('71', '0', '10', '40007', '陶士男士护肤套装', '764', '', '', '', '1', '0', '1', '2017-08-25 11:12:00', '2017-08-25 11:08:00');
INSERT INTO `concap_goods` VALUES ('72', '0', '10', '40004', '陶士男士洁面膏125克', '248', '', '', '', '1', '0', '1', '2017-08-25 11:12:00', '2017-08-25 11:08:00');
INSERT INTO `concap_goods` VALUES ('73', '0', '10', '40005', '陶士男士紧肤水175毫升', '266', '', '', '', '1', '0', '1', '2017-08-25 11:12:00', '2017-08-25 11:08:00');
INSERT INTO `concap_goods` VALUES ('74', '0', '10', '40006', '陶士男士保湿乳液SPF15/PA++175毫升', '335', '', '', '', '1', '0', '1', '2017-08-25 11:12:00', '2017-08-25 11:08:00');
INSERT INTO `concap_goods` VALUES ('75', '0', '10', '1001', '必速消毒剂1升', '66', '', '', '', '1', '0', '1', '2017-08-25 11:12:00', '2017-08-25 11:08:00');
INSERT INTO `concap_goods` VALUES ('76', '2', '10', '31573', '必速净手消毒凝露500毫升', '56', '', '', '', '1', '0', '1', '2017-08-25 11:12:00', '2017-08-25 11:08:00');
INSERT INTO `concap_goods` VALUES ('77', '2', '10', '30006', '必速抗菌洗手液250毫升', '42', '', '', '', '1', '0', '1', '2017-08-25 11:12:00', '2017-08-25 11:08:00');
INSERT INTO `concap_goods` VALUES ('78', '0', '10', '40181', '滋润套装', '745', '', '', '', '1', '0', '1', '2017-08-25 11:12:00', '2017-08-25 11:08:00');
INSERT INTO `concap_goods` VALUES ('79', '0', '10', '40178', '滋润活肤洁面乳135毫升', '248', '', '', '', '1', '0', '1', '2017-08-25 11:12:00', '2017-08-25 11:08:00');
INSERT INTO `concap_goods` VALUES ('80', '0', '10', '40179', '滋润清新紧肤水200毫升', '245', '', '', '', '1', '0', '1', '2017-08-25 11:12:00', '2017-08-25 11:08:00');
INSERT INTO `concap_goods` VALUES ('81', '0', '10', '40180', '滋润防护乳霜SPF15-75毫升', '335', '', '', '', '1', '0', '1', '2017-08-25 11:12:00', '2017-08-25 11:08:00');
INSERT INTO `concap_goods` VALUES ('82', '0', '10', '40185', '清爽套装', '745', '', '', '', '1', '0', '1', '2017-08-25 11:12:00', '2017-08-25 11:08:00');
INSERT INTO `concap_goods` VALUES ('83', '0', '10', '40182', '清爽泡沫洁面露135毫升', '248', '', '', '', '1', '0', '1', '2017-08-25 11:12:00', '2017-08-25 11:08:00');
INSERT INTO `concap_goods` VALUES ('84', '0', '10', '40183', '清爽控油紧肤水', '245', '', '', '', '1', '0', '1', '2017-08-25 11:12:00', '2017-08-25 11:08:00');
INSERT INTO `concap_goods` VALUES ('85', '0', '10', '40184', '清爽平衡乳霜SPF15-75毫升', '335', '', '', '', '1', '0', '1', '2017-08-25 11:12:00', '2017-08-25 11:08:00');
INSERT INTO `concap_goods` VALUES ('86', '0', '10', '40162', '舒焕柔肤乳霜30克', '335', '', '', '', '1', '0', '1', '2017-08-25 11:12:00', '2017-08-25 11:08:00');
INSERT INTO `concap_goods` VALUES ('87', '0', '10', '40234', '雅姿水动能保湿精华露30毫升', '390', '', '', '', '1', '0', '1', '2017-08-25 11:12:00', '2017-08-25 11:08:00');
INSERT INTO `concap_goods` VALUES ('88', '0', '10', '40212', '磨砂洁面啫喱125毫升', '275', '', '', '', '1', '0', '1', '2017-08-25 11:12:00', '2017-08-25 11:07:00');
INSERT INTO `concap_goods` VALUES ('89', '0', '10', '40210', '深层清洁面膜100毫升', '236', '', '', '', '1', '0', '1', '2017-08-25 11:12:00', '2017-08-25 11:07:00');
INSERT INTO `concap_goods` VALUES ('90', '0', '10', '40211', '深层保湿面膜100毫升', '255', '', '', '', '1', '0', '1', '2017-08-25 11:12:00', '2017-08-25 11:07:00');
INSERT INTO `concap_goods` VALUES ('91', '0', '10', '40213', '柔润按摩霜120克', '308', '', '', '', '1', '0', '1', '2017-08-25 11:12:00', '2017-08-25 11:07:00');
INSERT INTO `concap_goods` VALUES ('92', '0', '10', '40186', '保湿修护眼霜15毫升', '310', '', '', '', '1', '0', '1', '2017-08-25 11:12:00', '2017-08-25 11:07:00');
INSERT INTO `concap_goods` VALUES ('93', '0', '10', '40214', '复合果酸活肤精华液30毫升', '430', '', '', '', '1', '0', '1', '2017-08-25 11:12:00', '2017-08-25 11:07:00');
INSERT INTO `concap_goods` VALUES ('94', '0', '10', '40204', '清痘调理精华露15毫升', '165', '', '', '', '1', '0', '1', '2017-08-25 11:12:00', '2017-08-25 11:07:00');
INSERT INTO `concap_goods` VALUES ('95', '0', '10', '40164', '盈润保湿精华露14.5毫升', '350', '', '', '', '1', '0', '1', '2017-08-25 11:12:00', '2017-08-25 11:07:00');
INSERT INTO `concap_goods` VALUES ('96', '0', '10', '40215', '眼部及唇部卸妆液120毫升', '188', '', '', '', '1', '0', '1', '2017-08-25 11:12:00', '2017-08-25 11:07:00');
INSERT INTO `concap_goods` VALUES ('97', '0', '10', '40216', '轻柔面部卸妆乳125毫升', '196', '', '', '', '1', '0', '1', '2017-08-25 11:12:00', '2017-08-25 11:07:00');
INSERT INTO `concap_goods` VALUES ('98', '0', '10', '40035', '美白套装（润泽配方）', '965', '', '', '', '1', '0', '1', '2017-08-25 11:12:00', '2017-08-25 11:07:00');
INSERT INTO `concap_goods` VALUES ('99', '0', '10', '40034', '美白套装（清盈配方）', '965', '', '', '', '1', '0', '1', '2017-08-25 11:12:00', '2017-08-25 11:07:00');
INSERT INTO `concap_goods` VALUES ('100', '0', '10', '40080', '美白洁面乳125克', '305', '', '', '', '1', '0', '1', '2017-08-25 11:12:00', '2017-08-25 11:07:00');
INSERT INTO `concap_goods` VALUES ('101', '0', '10', '40082', '美白紧肤水（润泽配方）150毫升', '350', '', '', '', '1', '0', '1', '2017-08-25 11:12:00', '2017-08-25 11:07:00');
INSERT INTO `concap_goods` VALUES ('102', '0', '10', '40081', '美白紧肤水（清盈配方）150毫升', '350', '', '', '', '1', '0', '1', '2017-08-25 11:12:00', '2017-08-25 11:07:00');
INSERT INTO `concap_goods` VALUES ('103', '0', '10', '40077', '美白乳液SPF20/PA+++（润泽配方）100毫升', '415', '', '', '', '1', '0', '1', '2017-08-25 11:12:00', '2017-08-25 11:07:00');
INSERT INTO `concap_goods` VALUES ('104', '0', '10', '40078', '美白乳液SPF20/PA+++（清盈配方）100毫升', '415', '', '', '', '1', '0', '1', '2017-08-25 11:12:00', '2017-08-25 11:07:00');
INSERT INTO `concap_goods` VALUES ('105', '0', '10', '40083', '美白晚霜50克', '415', '', '', '', '1', '0', '1', '2017-08-25 11:12:00', '2017-08-25 11:07:00');
INSERT INTO `concap_goods` VALUES ('106', '0', '10', '40079', '美白精华液30毫升', '580', '', '', '', '1', '0', '1', '2017-08-25 11:12:00', '2017-08-25 11:07:00');
INSERT INTO `concap_goods` VALUES ('107', '0', '10', '30281', '美白面膜75毫升', '270', '', '', '', '1', '0', '1', '2017-08-25 11:12:00', '2017-08-25 11:07:00');
INSERT INTO `concap_goods` VALUES ('108', '0', '10', '40176', '美白保湿面膜6片/盒', '405', '', '', '', '1', '0', '1', '2017-08-25 11:12:00', '2017-08-25 11:06:00');
INSERT INTO `concap_goods` VALUES ('109', '0', '10', '40187', '美白淡斑精华液15克', '318', '', '', '', '1', '0', '1', '2017-08-25 11:12:00', '2017-08-25 11:06:00');
INSERT INTO `concap_goods` VALUES ('110', '0', '10', '40217', '雅姿美白采眼霜15毫升', '350', '', '', '', '1', '0', '1', '2017-08-25 11:12:00', '2017-08-25 11:06:00');
INSERT INTO `concap_goods` VALUES ('111', '0', '10', '40121', '滋养套装（润泽组合）', '1455', '', '', '', '1', '0', '1', '2017-08-25 11:12:00', '2017-08-25 11:06:00');
INSERT INTO `concap_goods` VALUES ('112', '0', '10', '40122', '滋养套装（清盈组合）', '1455', '', '', '', '1', '0', '1', '2017-08-25 11:12:00', '2017-08-25 11:06:00');
INSERT INTO `concap_goods` VALUES ('113', '0', '10', '40063', '滋养护理洁肤乳100毫升', '285', '', '', '', '1', '0', '1', '2017-08-25 11:12:00', '2017-08-25 11:06:00');
INSERT INTO `concap_goods` VALUES ('114', '0', '10', '40064', '滋养调理柔肤水150毫升', '380', '', '', '', '1', '0', '1', '2017-08-25 11:12:00', '2017-08-25 11:06:00');
INSERT INTO `concap_goods` VALUES ('115', '0', '10', '40050', '滋养日间防护乳霜SPF15/PA+++50毫升', '475', '', '', '', '1', '0', '1', '2017-08-25 11:12:00', '2017-08-25 11:06:00');
INSERT INTO `concap_goods` VALUES ('116', '0', '10', '40051', '滋养日间防护乳液SPF15/PA+++50毫升', '475', '', '', '', '1', '0', '1', '2017-08-25 11:12:00', '2017-08-25 11:06:00');
INSERT INTO `concap_goods` VALUES ('117', '0', '10', '40052', '滋养夜间活肤乳霜50毫升', '475', '', '', '', '1', '0', '1', '2017-08-25 11:12:00', '2017-08-25 11:06:00');
INSERT INTO `concap_goods` VALUES ('118', '0', '10', '40053', '滋养夜间活肤乳液50毫升', '475', '', '', '', '1', '0', '1', '2017-08-25 11:12:00', '2017-08-25 11:06:00');
INSERT INTO `concap_goods` VALUES ('119', '0', '10', '30240', '活肤调理精华液30毫升', '515', '', '', '', '1', '0', '1', '2017-08-25 11:12:00', '2017-08-25 11:06:00');
INSERT INTO `concap_goods` VALUES ('120', '0', '10', '40074', '弹性提升精华乳30毫升', '645', '', '', '', '1', '0', '1', '2017-08-25 11:12:00', '2017-08-25 11:06:00');
INSERT INTO `concap_goods` VALUES ('121', '0', '10', '37313', '紧致淡纹精华液1号瓶10毫升，2号瓶0.5克', '398', '', '', '', '1', '0', '1', '2017-08-25 11:12:00', '2017-08-25 11:06:00');
INSERT INTO `concap_goods` VALUES ('122', '0', '10', '40155', '滋养弹性紧致眼霜15克', '398', '', '', '', '1', '0', '1', '2017-08-25 11:12:00', '2017-08-25 11:06:00');
INSERT INTO `concap_goods` VALUES ('123', '0', '10', '40199', '焕肤精华面膜20毫升', '658', '', '', '', '1', '0', '1', '2017-08-25 11:12:00', '2017-08-25 11:06:00');
INSERT INTO `concap_goods` VALUES ('124', '0', '10', '40014', '玑因14活颜精华液1.3毫*14瓶', '1815', '', '', '', '1', '0', '1', '2017-08-25 11:12:00', '2017-08-25 11:06:00');
INSERT INTO `concap_goods` VALUES ('125', '0', '10', '40084', '玑因14活颜眼膜2片*14袋', '970', '', '', '', '1', '0', '1', '2017-08-25 11:12:00', '2017-08-25 11:06:00');
INSERT INTO `concap_goods` VALUES ('126', '0', '10', '40154', '臻萃焕能乳霜45毫升', '2198', '', '', '', '1', '0', '1', '2017-08-25 11:12:00', '2017-08-25 11:06:00');
INSERT INTO `concap_goods` VALUES ('127', '0', '10', '40205', '丝绒保湿粉底液30毫升珍珠白', '380', '', '', '', '1', '0', '1', '2017-08-25 11:12:00', '2017-08-25 11:06:00');
INSERT INTO `concap_goods` VALUES ('128', '0', '10', '40206', '丝绒保湿粉底液30毫升粉贝色', '380', '', '', '', '1', '0', '1', '2017-08-25 11:12:00', '2017-08-25 11:05:00');
INSERT INTO `concap_goods` VALUES ('129', '0', '10', '40207', '丝绒保湿粉底液30毫升浅肤色', '380', '', '', '', '1', '0', '1', '2017-08-25 11:12:00', '2017-08-25 11:05:00');
INSERT INTO `concap_goods` VALUES ('130', '0', '10', '40208', '丝绒保湿粉底液30毫升绯红色', '380', '', '', '', '1', '0', '1', '2017-08-25 11:12:00', '2017-08-25 11:05:00');
INSERT INTO `concap_goods` VALUES ('131', '0', '10', '40209', '丝绒保湿粉底液30毫升自然色', '380', '', '', '', '1', '0', '1', '2017-08-25 11:12:00', '2017-08-25 11:05:00');
INSERT INTO `concap_goods` VALUES ('132', '0', '10', '40173', '丝感滢润粉底液SPF15/PA++30毫升粉肤色', '350', '', '', '', '1', '0', '1', '2017-08-25 11:12:00', '2017-08-25 11:05:00');
INSERT INTO `concap_goods` VALUES ('133', '0', '10', '40174', '丝感滢润粉底液SPF15/PA++30毫升柔象牙', '350', '', '', '', '1', '0', '1', '2017-08-25 11:12:00', '2017-08-25 11:05:00');
INSERT INTO `concap_goods` VALUES ('134', '0', '10', '40175', '丝感滢润粉底液SPF15/PA++30毫升米肤色', '350', '', '', '', '1', '0', '1', '2017-08-25 11:12:00', '2017-08-25 11:05:00');
INSERT INTO `concap_goods` VALUES ('135', '0', '10', '40065', '无瑕丝柔两用粉饼SPF10/PA++7克瓷白色', '268', '', '', '', '1', '0', '1', '2017-08-25 11:12:00', '2017-08-25 11:05:00');
INSERT INTO `concap_goods` VALUES ('136', '0', '10', '40066', '无瑕丝柔两用粉饼SPF10/PA++7克象牙色', '268', '', '', '', '1', '0', '1', '2017-08-25 11:12:00', '2017-08-25 11:05:00');
INSERT INTO `concap_goods` VALUES ('137', '0', '10', '40067', '无瑕丝柔两用粉饼SPF10/PA++7克绯红色', '268', '', '', '', '1', '0', '1', '2017-08-25 11:12:00', '2017-08-25 11:05:00');
INSERT INTO `concap_goods` VALUES ('138', '0', '10', '40068', '无瑕丝柔两用粉饼SPF10/PA++7克米白色', '268', '', '', '', '1', '0', '1', '2017-08-25 11:12:00', '2017-08-25 11:05:00');
INSERT INTO `concap_goods` VALUES ('139', '0', '10', '40069', '无瑕丝柔两用粉饼SPF10/PA++7克自然色', '268', '', '', '', '1', '0', '1', '2017-08-25 11:12:00', '2017-08-25 11:05:00');
INSERT INTO `concap_goods` VALUES ('140', '0', '10', '40106', '无瑕丝柔两用粉饼SPF10/PA++7克（替换装）瓷白色', '150', '', '', '', '1', '0', '1', '2017-08-25 11:12:00', '2017-08-25 11:05:00');
INSERT INTO `concap_goods` VALUES ('141', '0', '10', '40107', '无瑕丝柔两用粉饼SPF10/PA++7克（替换装）象牙色', '150', '', '', '', '1', '0', '1', '2017-08-25 11:12:00', '2017-08-25 11:05:00');
INSERT INTO `concap_goods` VALUES ('142', '0', '10', '40108', '无瑕丝柔两用粉饼SPF10/PA++7克（替换装）绯红色', '150', '', '', '', '1', '0', '1', '2017-08-25 11:12:00', '2017-08-25 11:05:00');
INSERT INTO `concap_goods` VALUES ('143', '0', '10', '40109', '无瑕丝柔两用粉饼SPF10/PA++7克（替换装）米白色', '150', '', '', '', '1', '0', '1', '2017-08-25 11:12:00', '2017-08-25 11:05:00');
INSERT INTO `concap_goods` VALUES ('144', '0', '10', '40110', '无瑕丝柔两用粉饼SPF10/PA++7克（替换装）自然色', '150', '', '', '', '1', '0', '1', '2017-08-25 11:12:00', '2017-08-25 11:05:00');
INSERT INTO `concap_goods` VALUES ('145', '0', '10', '32171', '丝感晶莹两用粉饼11克象牙色', '168', '', '', '', '1', '0', '1', '2017-08-25 11:12:00', '2017-08-25 11:05:00');
INSERT INTO `concap_goods` VALUES ('146', '0', '10', '32172', '丝感晶莹两用粉饼11克绯红色', '168', '', '', '', '1', '0', '1', '2017-08-25 11:12:00', '2017-08-25 11:05:00');
INSERT INTO `concap_goods` VALUES ('147', '0', '10', '40054', '丝感晶莹两用粉饼11克亮肤色', '168', '', '', '', '1', '0', '1', '2017-08-25 11:12:00', '2017-08-25 11:05:00');
INSERT INTO `concap_goods` VALUES ('148', '0', '10', '40055', '丝感晶莹两用粉饼11克蜜蕊色', '168', '', '', '', '1', '0', '1', '2017-08-25 11:12:00', '2017-08-25 11:04:00');
INSERT INTO `concap_goods` VALUES ('149', '0', '10', '40170', '无瑕丝柔遮瑕笔SPF15/PA++2克亮粉色', '180', '', '', '', '1', '0', '1', '2017-08-25 11:12:00', '2017-08-25 11:04:00');
INSERT INTO `concap_goods` VALUES ('150', '0', '10', '40171', '无瑕丝柔遮瑕笔SPF15/PA++2克粉肤色', '180', '', '', '', '1', '0', '1', '2017-08-25 11:12:00', '2017-08-25 11:04:00');
INSERT INTO `concap_goods` VALUES ('151', '0', '10', '40172', '无瑕丝柔遮瑕笔SPF15/PA++2克中杏色', '180', '', '', '', '1', '0', '1', '2017-08-25 11:12:00', '2017-08-25 11:04:00');
INSERT INTO `concap_goods` VALUES ('152', '0', '10', '40047', '晶莹散粉25克米白', '190', '', '', '', '1', '0', '1', '2017-08-25 11:12:00', '2017-08-25 11:04:00');
INSERT INTO `concap_goods` VALUES ('153', '0', '10', '40048', '晶莹散粉25克粉白', '190', '', '', '', '1', '0', '1', '2017-08-25 11:12:00', '2017-08-25 11:04:00');
INSERT INTO `concap_goods` VALUES ('154', '0', '10', '40070', '自动眉笔0.09克深啡', '148', '', '', '', '1', '0', '1', '2017-08-25 11:12:00', '2017-08-25 11:04:00');
INSERT INTO `concap_goods` VALUES ('155', '0', '10', '40071', '自动眉笔0.09克浅啡', '148', '', '', '', '1', '0', '1', '2017-08-25 11:12:00', '2017-08-25 11:04:00');
INSERT INTO `concap_goods` VALUES ('156', '0', '10', '34937', '眉笔1克深啡', '90', '', '', '', '1', '0', '1', '2017-08-25 11:12:00', '2017-08-25 11:04:00');
INSERT INTO `concap_goods` VALUES ('157', '0', '10', '34936', '眉笔1克灰黑', '90', '', '', '', '1', '0', '1', '2017-08-25 11:12:00', '2017-08-25 11:04:00');
INSERT INTO `concap_goods` VALUES ('158', '0', '10', '34927', '眼线笔1克纯黑', '115', '', '', '', '1', '0', '1', '2017-08-25 11:12:00', '2017-08-25 11:04:00');
INSERT INTO `concap_goods` VALUES ('159', '0', '10', '34932', '眼线笔1克炭灰', '115', '', '', '', '1', '0', '1', '2017-08-25 11:12:00', '2017-08-25 11:04:00');
INSERT INTO `concap_goods` VALUES ('160', '0', '10', '40169', '恒魁纤长睫毛膏9克黑色', '198', '', '', '', '1', '0', '1', '2017-08-25 11:12:00', '2017-08-25 11:04:00');
INSERT INTO `concap_goods` VALUES ('161', '0', '10', '40202', '恒翘记忆睫毛膏8克黑色', '235', '', '', '', '1', '0', '1', '2017-08-25 11:12:00', '2017-08-25 11:04:00');
INSERT INTO `concap_goods` VALUES ('162', '0', '10', '40086', '眼影1克海洋蓝', '100', '', '', '', '1', '0', '1', '2017-08-25 11:12:00', '2017-08-25 11:04:00');
INSERT INTO `concap_goods` VALUES ('163', '0', '10', '40087', '眼影1克亮粉银', '100', '', '', '', '1', '0', '1', '2017-08-25 11:12:00', '2017-08-25 11:04:00');
INSERT INTO `concap_goods` VALUES ('164', '0', '10', '40088', '眼影1克军绿', '100', '', '', '', '1', '0', '1', '2017-08-25 11:12:00', '2017-08-25 11:04:00');
INSERT INTO `concap_goods` VALUES ('165', '0', '10', '40089', '眼影1克炫金色', '100', '', '', '', '1', '0', '1', '2017-08-25 11:12:00', '2017-08-25 11:04:00');
INSERT INTO `concap_goods` VALUES ('166', '0', '10', '40090', '眼影1克铜金色', '100', '', '', '', '1', '0', '1', '2017-08-25 11:12:00', '2017-08-25 11:04:00');
INSERT INTO `concap_goods` VALUES ('167', '0', '10', '40091', '眼影1克黄绿色', '100', '', '', '', '1', '0', '1', '2017-08-25 11:12:00', '2017-08-25 11:04:00');
INSERT INTO `concap_goods` VALUES ('168', '0', '10', '40092', '眼影1克紫水晶', '100', '', '', '', '1', '0', '1', '2017-08-25 11:12:00', '2017-08-25 11:03:00');
INSERT INTO `concap_goods` VALUES ('169', '0', '10', '40093', '眼影1克亮沙色', '100', '', '', '', '1', '0', '1', '2017-08-25 11:12:00', '2017-08-25 11:03:00');
INSERT INTO `concap_goods` VALUES ('170', '0', '10', '40094', '眼影1克亮金色', '100', '', '', '', '1', '0', '1', '2017-08-25 11:12:00', '2017-08-25 11:03:00');
INSERT INTO `concap_goods` VALUES ('171', '0', '10', '40095', '眼影1克柔粉紫', '100', '', '', '', '1', '0', '1', '2017-08-25 11:12:00', '2017-08-25 11:03:00');
INSERT INTO `concap_goods` VALUES ('172', '0', '10', '40096', '眼影1克丁香紫', '100', '', '', '', '1', '0', '1', '2017-08-25 11:12:00', '2017-08-25 11:03:00');
INSERT INTO `concap_goods` VALUES ('173', '0', '10', '40097', '眼影1克浅粉绿', '100', '', '', '', '1', '0', '1', '2017-08-25 11:12:00', '2017-08-25 11:03:00');
INSERT INTO `concap_goods` VALUES ('174', '0', '10', '40098', '眼影1克晴空蓝', '100', '', '', '', '1', '0', '1', '2017-08-25 11:12:00', '2017-08-25 11:03:00');
INSERT INTO `concap_goods` VALUES ('175', '0', '10', '40099', '眼影1克草绿色', '100', '', '', '', '1', '0', '1', '2017-08-25 11:12:00', '2017-08-25 11:03:00');
INSERT INTO `concap_goods` VALUES ('176', '0', '10', '40100', '眼影1克棕啡色', '100', '', '', '', '1', '0', '1', '2017-08-25 11:12:00', '2017-08-25 11:03:00');
INSERT INTO `concap_goods` VALUES ('177', '0', '10', '40190', '眼影1克闪魁紫', '100', '', '', '', '1', '0', '1', '2017-08-25 11:12:00', '2017-08-25 11:03:00');
INSERT INTO `concap_goods` VALUES ('178', '0', '10', '40191', '眼影1克闪晶褐', '100', '', '', '', '1', '0', '1', '2017-08-25 11:12:00', '2017-08-25 11:03:00');
INSERT INTO `concap_goods` VALUES ('179', '0', '10', '40101', '胭脂粉3克粉蔷薇', '115', '', '', '', '1', '0', '1', '2017-08-25 11:12:00', '2017-08-25 11:03:00');
INSERT INTO `concap_goods` VALUES ('180', '0', '10', '40102', '胭脂粉3克浅枫红', '115', '', '', '', '1', '0', '1', '2017-08-25 11:12:00', '2017-08-25 11:03:00');
INSERT INTO `concap_goods` VALUES ('181', '0', '10', '40103', '胭脂粉3克浅杏色', '115', '', '', '', '1', '0', '1', '2017-08-25 11:12:00', '2017-08-25 11:03:00');
INSERT INTO `concap_goods` VALUES ('182', '0', '10', '40104', '胭脂粉3克亮橙红', '115', '', '', '', '1', '0', '1', '2017-08-25 11:12:00', '2017-08-25 11:03:00');
INSERT INTO `concap_goods` VALUES ('183', '0', '10', '40105', '胭脂粉3克玫瑰红', '115', '', '', '', '1', '0', '1', '2017-08-25 11:12:00', '2017-08-25 11:03:00');
INSERT INTO `concap_goods` VALUES ('184', '0', '10', '40192', '胭脂粉2.9克柔粉杏', '115', '', '', '', '1', '0', '1', '2017-08-25 11:12:00', '2017-08-25 11:03:00');
INSERT INTO `concap_goods` VALUES ('185', '0', '10', '40230', '缤纷眼影美妆盒-深海炫魁', '460', '', '', '', '1', '0', '1', '2017-08-25 11:12:00', '2017-08-25 11:03:00');
INSERT INTO `concap_goods` VALUES ('186', '0', '10', '40231', '缤纷眼影美妆盒-优雅秋色', '460', '', '', '', '1', '0', '1', '2017-08-25 11:12:00', '2017-08-25 11:03:00');
INSERT INTO `concap_goods` VALUES ('187', '0', '10', '40232', '缤纷眼影胭脂美妆盒-璀璨蔷薇', '390', '', '', '', '1', '0', '1', '2017-08-25 11:12:00', '2017-08-25 11:03:00');
INSERT INTO `concap_goods` VALUES ('188', '0', '10', '40233', '缤纷眼影胭脂美妆盒-浪漫晴空', '390', '', '', '', '1', '0', '1', '2017-08-25 11:12:00', '2017-08-25 11:02:00');
INSERT INTO `concap_goods` VALUES ('189', '0', '10', '30133', '唇笔1克-可可色', '90', '', '', '', '1', '0', '1', '2017-08-25 11:12:00', '2017-08-25 11:02:00');
INSERT INTO `concap_goods` VALUES ('190', '0', '10', '34973', '唇笔1克-砖红', '90', '', '', '', '1', '0', '1', '2017-08-25 11:12:00', '2017-08-25 11:02:00');
INSERT INTO `concap_goods` VALUES ('191', '0', '10', '37764', '唇笔1克-醇红', '90', '', '', '', '1', '0', '1', '2017-08-25 11:12:00', '2017-08-25 11:02:00');
INSERT INTO `concap_goods` VALUES ('192', '0', '10', '40130', '盈润唇膏3.8克-蜜糖红', '145', '', '', '', '1', '0', '1', '2017-08-25 11:12:00', '2017-08-25 11:02:00');
INSERT INTO `concap_goods` VALUES ('193', '0', '10', '40131', '盈润唇膏3.8克-砖红', '145', '', '', '', '1', '0', '1', '2017-08-25 11:12:00', '2017-08-25 11:02:00');
INSERT INTO `concap_goods` VALUES ('194', '0', '10', '40132', '盈润唇膏3.8克-水晶玫瑰', '145', '', '', '', '1', '0', '1', '2017-08-25 11:12:00', '2017-08-25 11:02:00');
INSERT INTO `concap_goods` VALUES ('195', '0', '10', '40133', '盈润唇膏3.8克-李子冰', '145', '', '', '', '1', '0', '1', '2017-08-25 11:12:00', '2017-08-25 11:02:00');
INSERT INTO `concap_goods` VALUES ('196', '0', '10', '40134', '盈润唇膏3.8克-蜜糖棕', '145', '', '', '', '1', '0', '1', '2017-08-25 11:12:00', '2017-08-25 11:02:00');
INSERT INTO `concap_goods` VALUES ('197', '0', '10', '40135', '盈润唇膏3.8克-亮橘红', '145', '', '', '', '1', '0', '1', '2017-08-25 11:12:00', '2017-08-25 11:02:00');
INSERT INTO `concap_goods` VALUES ('198', '0', '10', '40136', '盈润唇膏3.8克-啡红', '145', '', '', '', '1', '0', '1', '2017-08-25 11:12:00', '2017-08-25 11:02:00');
INSERT INTO `concap_goods` VALUES ('199', '0', '10', '40137', '盈润唇膏3.8克-粉嫩红', '145', '', '', '', '1', '0', '1', '2017-08-25 11:12:00', '2017-08-25 11:02:00');
INSERT INTO `concap_goods` VALUES ('200', '0', '10', '40138', '盈润唇膏3.8克-柔粉红', '145', '', '', '', '1', '0', '1', '2017-08-25 11:12:00', '2017-08-25 11:02:00');
INSERT INTO `concap_goods` VALUES ('201', '0', '10', '40139', '盈润唇膏3.8克-闪玫红', '145', '', '', '', '1', '0', '1', '2017-08-25 11:12:00', '2017-08-25 11:02:00');
INSERT INTO `concap_goods` VALUES ('202', '0', '10', '40140', '盈润唇膏3.8克-秋荷色', '145', '', '', '', '1', '0', '1', '2017-08-25 11:12:00', '2017-08-25 11:02:00');
INSERT INTO `concap_goods` VALUES ('203', '0', '10', '40141', '盈润唇膏3.8克-蜜橙红', '145', '', '', '', '1', '0', '1', '2017-08-25 11:12:00', '2017-08-25 11:02:00');
INSERT INTO `concap_goods` VALUES ('204', '0', '10', '40142', '盈润唇膏3.8克-透亮红', '145', '', '', '', '1', '0', '1', '2017-08-25 11:12:00', '2017-08-25 11:02:00');
INSERT INTO `concap_goods` VALUES ('205', '0', '10', '40143', '盈润唇膏3.8克-杏粉红', '145', '', '', '', '1', '0', '1', '2017-08-25 11:12:00', '2017-08-25 11:02:00');
INSERT INTO `concap_goods` VALUES ('206', '0', '10', '40144', '盈润唇膏3.8克-紫蔷薇', '145', '', '', '', '1', '0', '1', '2017-08-25 11:12:00', '2017-08-25 11:02:00');
INSERT INTO `concap_goods` VALUES ('207', '0', '10', '40145', '盈润唇膏3.8克-杏啡色', '145', '', '', '', '1', '0', '1', '2017-08-25 11:12:00', '2017-08-25 11:02:00');
INSERT INTO `concap_goods` VALUES ('208', '0', '10', '40146', '盈润唇膏3.8克-炫金色', '145', '', '', '', '1', '0', '1', '2017-08-25 11:12:00', '2017-08-25 11:01:00');
INSERT INTO `concap_goods` VALUES ('209', '0', '10', '40188', '盈润唇膏3.8克-粉水晶', '145', '', '', '', '1', '0', '1', '2017-08-25 11:12:00', '2017-08-25 11:01:00');
INSERT INTO `concap_goods` VALUES ('210', '0', '10', '40189', '盈润唇膏3.8克-酒红色', '145', '', '', '', '1', '0', '1', '2017-08-25 11:12:00', '2017-08-25 11:01:00');
INSERT INTO `concap_goods` VALUES ('211', '0', '10', '40123', '色彩润唇膏SPF15-3.8克-豆沙色', '155', '', '', '', '1', '0', '1', '2017-08-25 11:12:00', '2017-08-25 11:01:00');
INSERT INTO `concap_goods` VALUES ('212', '0', '10', '40124', '色彩润唇膏SPF15-3.8克-透明色', '155', '', '', '', '1', '0', '1', '2017-08-25 11:12:00', '2017-08-25 11:01:00');
INSERT INTO `concap_goods` VALUES ('213', '0', '10', '40125', '色彩润唇膏SPF15-3.8克-蜜珊红', '155', '', '', '', '1', '0', '1', '2017-08-25 11:12:00', '2017-08-25 11:01:00');
INSERT INTO `concap_goods` VALUES ('214', '0', '10', '40126', '色彩润唇膏SPF15-3.8克-丹红', '155', '', '', '', '1', '0', '1', '2017-08-25 11:12:00', '2017-08-25 11:01:00');
INSERT INTO `concap_goods` VALUES ('215', '0', '10', '40127', '色彩润唇膏SPF15-3.8克-石榴红', '155', '', '', '', '1', '0', '1', '2017-08-25 11:12:00', '2017-08-25 11:01:00');
INSERT INTO `concap_goods` VALUES ('216', '0', '10', '40128', '色彩润唇膏SPF15-3.8克-樱红', '155', '', '', '', '1', '0', '1', '2017-08-25 11:12:00', '2017-08-25 11:01:00');
INSERT INTO `concap_goods` VALUES ('217', '0', '10', '40129', '色彩润唇膏SPF15-3.8克-桑果红', '155', '', '', '', '1', '0', '1', '2017-08-25 11:12:00', '2017-08-25 11:01:00');
INSERT INTO `concap_goods` VALUES ('218', '0', '10', '40193', '光感唇彩5毫升-粉桃红', '155', '', '', '', '1', '0', '1', '2017-08-25 11:12:00', '2017-08-25 11:01:00');
INSERT INTO `concap_goods` VALUES ('219', '0', '10', '40194', '光感唇彩5毫升-钻酒红', '155', '', '', '', '1', '0', '1', '2017-08-25 11:12:00', '2017-08-25 11:01:00');
INSERT INTO `concap_goods` VALUES ('220', '0', '10', '40195', '光感唇彩5毫升-亮珊瑚', '155', '', '', '', '1', '0', '1', '2017-08-25 11:12:00', '2017-08-25 11:01:00');
INSERT INTO `concap_goods` VALUES ('221', '0', '10', '40196', '光感唇彩5毫升-瑰丽石英', '155', '', '', '', '1', '0', '1', '2017-08-25 11:12:00', '2017-08-25 11:01:00');
INSERT INTO `concap_goods` VALUES ('222', '0', '10', '40197', '光感唇彩5毫升-炫闪透明色', '155', '', '', '', '1', '0', '1', '2017-08-25 11:12:00', '2017-08-25 11:01:00');
INSERT INTO `concap_goods` VALUES ('223', '0', '10', '40149', '唇彩5毫升-紫红', '138', '', '', '', '1', '0', '1', '2017-08-25 11:12:00', '2017-08-25 11:01:00');
INSERT INTO `concap_goods` VALUES ('224', '0', '10', '40150', '唇彩5毫升-钻石玫瑰', '138', '', '', '', '1', '0', '1', '2017-08-25 11:12:00', '2017-08-25 11:01:00');
INSERT INTO `concap_goods` VALUES ('225', '0', '10', '40151', '唇彩5毫升-蜜粉红', '138', '', '', '', '1', '0', '1', '2017-08-25 11:12:00', '2017-08-25 11:01:00');
INSERT INTO `concap_goods` VALUES ('226', '0', '10', '40152', '唇彩5毫升-闪幻铜', '138', '', '', '', '1', '0', '1', '2017-08-25 11:12:00', '2017-08-25 11:01:00');
INSERT INTO `concap_goods` VALUES ('227', '0', '10', '40153', '唇彩5毫升-浅晶褐', '138', '', '', '', '1', '0', '1', '2017-08-25 11:12:00', '2017-08-25 11:01:00');
INSERT INTO `concap_goods` VALUES ('228', '0', '10', '51076', '逸新空气净化器1台', '9300', '', '', '', '1', '0', '1', '2017-08-25 11:12:00', '2017-08-25 11:00:00');
INSERT INTO `concap_goods` VALUES ('229', '0', '10', '53355', '逸新空气净化器可补购单品-前置滤网1件', '192', '', '', '', '1', '0', '1', '2017-08-25 11:12:00', '2017-08-25 11:00:00');
INSERT INTO `concap_goods` VALUES ('230', '0', '10', '51078', '逸新空气净化器可补购单品-高效率微粒滤网1件', '1018', '', '', '', '1', '0', '1', '2017-08-25 11:12:00', '2017-08-25 11:00:00');
INSERT INTO `concap_goods` VALUES ('231', '0', '10', '51077', '逸新空气净化器可补购单品-气味滤网1件', '610', '', '', '', '1', '0', '1', '2017-08-25 11:12:00', '2017-08-25 11:00:00');
INSERT INTO `concap_goods` VALUES ('232', '0', '10', '50843', '逸新空气净化器可选购配件-电源线1件', '38', '', '', '', '1', '0', '1', '2017-08-25 11:12:00', '2017-08-25 11:00:00');
INSERT INTO `concap_goods` VALUES ('233', '0', '10', '53354', '逸新空气净化器可选购配件-遥控器1件', '48', '', '', '', '1', '0', '1', '2017-08-25 11:12:00', '2017-08-25 11:00:00');
INSERT INTO `concap_goods` VALUES ('234', '0', '10', '53356', '逸新空气净化器可选购配件-微粒感应器滤网1件', '20', '', '', '', '1', '0', '1', '2017-08-25 11:12:00', '2017-08-25 11:00:00');
INSERT INTO `concap_goods` VALUES ('235', '0', '10', '50001', '安利皇后锅具二十一件套', '7600', '', '', '', '1', '0', '1', '2017-08-25 11:12:00', '2017-08-25 11:00:00');
INSERT INTO `concap_goods` VALUES ('236', '0', '10', '50004', '安利皇后锅具二十一件套配件-护指垫', '22', '', '', '', '1', '0', '1', '2017-08-25 11:12:00', '2017-08-25 11:00:00');
INSERT INTO `concap_goods` VALUES ('237', '0', '10', '50005', '安利皇后锅具二十一件套配件-锅耳', '50', '', '', '', '1', '0', '1', '2017-08-25 11:12:00', '2017-08-25 11:00:00');
INSERT INTO `concap_goods` VALUES ('238', '0', '10', '50006', '安利皇后锅具二十一件套配件-锅柄（1、2、3升钢锅，1.4升煎锅适用）', '90', '', '', '', '1', '0', '1', '2017-08-25 11:12:00', '2017-08-25 11:00:00');
INSERT INTO `concap_goods` VALUES ('239', '0', '10', '50007', '安利皇后锅具二十一件套配件-锅柄（煎炒锅适用）', '90', '', '', '', '1', '0', '1', '2017-08-25 11:12:00', '2017-08-25 11:00:00');
INSERT INTO `concap_goods` VALUES ('240', '0', '10', '50008', '安利皇后锅具二十一件套配件-锅蒂', '50', '', '', '', '1', '0', '1', '2017-08-25 11:12:00', '2017-08-25 11:00:00');
INSERT INTO `concap_goods` VALUES ('241', '0', '10', '50002', '安利皇后锅具二十一件套配件-导热保护板', '75', '', '', '', '1', '0', '1', '2017-08-25 11:12:00', '2017-08-25 11:00:00');
INSERT INTO `concap_goods` VALUES ('242', '0', '10', '59317', '安利皇后中式不锈钢炒锅', '2500', '', '', '', '1', '0', '1', '2017-08-25 11:12:00', '2017-08-25 11:00:00');
INSERT INTO `concap_goods` VALUES ('243', '0', '10', '50979', '安利皇后炒锅配件-锅耳', '50', '', '', '', '1', '0', '1', '2017-08-25 11:12:00', '2017-08-25 11:00:00');
INSERT INTO `concap_goods` VALUES ('244', '0', '10', '50977', '安利皇后炒锅配件-锅蒂', '180', '', '', '', '1', '0', '1', '2017-08-25 11:12:00', '2017-08-25 11:00:00');
INSERT INTO `concap_goods` VALUES ('245', '0', '10', '60349', '雅姿两用化妆笔刨', '25', '', '', '', '1', '0', '1', '2017-08-25 11:12:00', '2017-08-25 11:00:00');
INSERT INTO `concap_goods` VALUES ('246', '0', '10', '60673', '雅姿锦盒化妆扫套装', '18', '', '', '', '1', '0', '1', '2017-08-25 11:12:00', '2017-08-25 11:00:00');
INSERT INTO `concap_goods` VALUES ('247', '0', '10', '60674', '雅姿眼影棒5个', '18', '', '', '', '1', '0', '1', '2017-08-25 11:12:00', '2017-08-25 11:00:00');
INSERT INTO `concap_goods` VALUES ('248', '0', '10', '60675', '雅姿两用粉饼海绵2个', '19', '', '', '', '1', '0', '1', '2017-08-25 11:12:00', '2017-08-25 10:59:00');
INSERT INTO `concap_goods` VALUES ('249', '0', '10', '80253', '雅姿无瑕丝柔两用粉饼海绵2个', '9', '', '', '', '1', '0', '1', '2017-08-25 11:12:00', '2017-08-25 10:59:00');
INSERT INTO `concap_goods` VALUES ('250', '0', '10', '60686', '雅姿粉底液取用器2个', '14', '', '', '', '1', '0', '1', '2017-08-25 11:12:00', '2017-08-25 10:59:00');
INSERT INTO `concap_goods` VALUES ('251', '0', '10', '60687', '雅姿化妆示范套扫', '18', '', '', '', '1', '0', '1', '2017-08-25 11:12:00', '2017-08-25 10:59:00');
INSERT INTO `concap_goods` VALUES ('252', '0', '10', '64981', '雅姿两用粉饼盒', '129', '', '', '', '1', '0', '1', '2017-08-25 11:12:00', '2017-08-25 10:59:00');
INSERT INTO `concap_goods` VALUES ('253', '0', '10', '40085', '雅姿缤纷化妆锦盒', '129', '', '', '', '1', '0', '1', '2017-08-25 11:12:00', '2017-08-25 10:59:00');
INSERT INTO `concap_goods` VALUES ('254', '0', '10', '80274', '雅姿活动式收藏盘（简易装）', '28', '', '', '', '1', '0', '1', '2017-08-25 11:12:00', '2017-08-25 10:59:00');
INSERT INTO `concap_goods` VALUES ('255', '0', '10', '80254', '雅姿活动式演示盒', '60', '', '', '', '1', '0', '1', '2017-08-25 11:12:00', '2017-08-25 10:59:00');
INSERT INTO `concap_goods` VALUES ('256', '0', '10', '40008', '雅姿清爽吸油面纸（配镜装）100张', '18', '', '', '', '1', '0', '1', '2017-08-25 11:12:00', '2017-08-25 10:59:00');
INSERT INTO `concap_goods` VALUES ('257', '0', '10', '40009', '雅姿清爽吸油面纸100张', '9', '', '', '', '1', '0', '1', '2017-08-25 11:12:00', '2017-08-25 10:59:00');
INSERT INTO `concap_goods` VALUES ('258', '0', '10', '80084', '雅姿粉扑2个', '11', '', '', '', '1', '0', '1', '2017-08-25 11:12:00', '2017-08-25 10:59:00');
INSERT INTO `concap_goods` VALUES ('259', '3', '10', '61605', '安利优生活压取器', '6', '', '', '', '1', '0', '1', '2017-08-25 11:12:00', '2017-08-25 10:59:00');
INSERT INTO `concap_goods` VALUES ('260', '0', '10', '483', '安利优生活喷雾瓶500毫升', '8', '', '', '', '1', '0', '1', '2017-08-25 11:12:00', '2017-08-25 10:59:00');
INSERT INTO `concap_goods` VALUES ('261', '0', '10', '487', '安利优生活塑料瓶500毫升', '5', '', '', '', '1', '0', '1', '2017-08-25 11:12:00', '2017-08-25 10:59:00');
INSERT INTO `concap_goods` VALUES ('262', '3', '10', '65113', '安利优生活防漏量杯盖', '8', '', '', '', '1', '0', '1', '2017-08-25 11:12:00', '2017-08-25 10:59:00');
INSERT INTO `concap_goods` VALUES ('263', '0', '10', '62335', '安利优生活喷雾瓶喷头', '5', '', '', '', '1', '0', '1', '2017-08-25 11:12:00', '2017-08-25 10:59:00');
INSERT INTO `concap_goods` VALUES ('264', '0', '10', '61693', '必速压取瓶250毫升', '5', '', '', '', '1', '0', '1', '2017-08-25 11:12:00', '2017-08-25 10:59:00');
INSERT INTO `concap_goods` VALUES ('265', '0', '10', '61694', '必速便携瓶25毫升', '4', '', '', '', '1', '0', '1', '2017-08-25 11:12:00', '2017-08-25 10:59:00');
INSERT INTO `concap_goods` VALUES ('266', '0', '10', '80062', '个护轻巧旅行装（不含产品）', '5', '', '', '', '1', '0', '1', '2017-08-25 11:12:00', '2017-08-25 10:59:00');
INSERT INTO `concap_goods` VALUES ('267', '0', '10', '80275', '安利大塑料袋', '1', '', '', '', '1', '0', '1', '2017-08-25 11:12:00', '2017-08-25 10:59:00');
INSERT INTO `concap_goods` VALUES ('268', '0', '10', '80276', '安利中塑料袋', '1', '', '', '', '1', '0', '1', '2017-08-25 11:12:00', '2017-08-25 10:58:00');
INSERT INTO `concap_goods` VALUES ('269', '0', '10', '80277', '安利环保袋（灰色） 展开时360长*400高，收纳时180长*90高', '8', '', '', '', '1', '0', '1', '2017-08-25 11:12:00', '2017-08-25 10:58:00');
INSERT INTO `concap_goods` VALUES ('270', '0', '10', '80278', '安利环保袋（绿色） 展开时360长*400高，收纳时180长*90高', '8', '', '', '', '1', '0', '1', '2017-08-25 11:12:00', '2017-08-25 10:58:00');
INSERT INTO `concap_goods` VALUES ('271', '0', '10', '80140', '安利节日礼品袋 230长*103宽*305高', '4', '', '', '', '1', '0', '1', '2017-08-25 11:12:00', '2017-08-25 10:58:00');
INSERT INTO `concap_goods` VALUES ('272', '0', '10', '80126', '陶士礼品袋 300和*100宽*250高', '3', '', '', '', '1', '0', '1', '2017-08-25 11:12:00', '2017-08-25 10:58:00');
INSERT INTO `concap_goods` VALUES ('273', '0', '10', '80202', '雅姿大礼品袋 235长*132宽*380高(mm)', '3', '', '', '', '1', '0', '1', '2017-08-25 11:12:00', '2017-08-25 10:58:00');
INSERT INTO `concap_goods` VALUES ('274', '0', '10', '80203', '雅姿中礼品袋 160长*110宽*250高（mm)', '2', '', '', '', '1', '0', '1', '2017-08-25 11:12:00', '2017-08-25 10:58:00');
INSERT INTO `concap_goods` VALUES ('275', '0', '10', '80147', '雅姿小礼品袋5个 149长*200高(mm)', '5', '', '', '', '1', '0', '1', '2017-08-25 11:12:00', '2017-08-25 10:58:00');
INSERT INTO `concap_goods` VALUES ('276', '0', '10', '80138', '纽崔莱节日礼品袋 235长*132宽*380高（mm）', '4', '', '', '', '1', '0', '1', '2017-08-25 11:12:00', '2017-08-25 10:58:00');
INSERT INTO `concap_goods` VALUES ('277', '0', '10', '69178', '纽崔莱大礼盒 287长*135宽*175高(mm)', '11', '', '', '', '1', '0', '1', '2017-08-25 11:12:00', '2017-08-25 10:58:00');
INSERT INTO `concap_goods` VALUES ('278', '0', '10', '69179', '纽崔莱小礼盒 205长*183宽*63高（mm)', '5', '', '', '', '1', '0', '1', '2017-08-25 11:12:00', '2017-08-25 10:58:00');
INSERT INTO `concap_goods` VALUES ('279', '0', '10', '80330', '安利时尚生活知识丝书之营养保健', '15', '', '', '', '1', '0', '1', '2017-08-25 11:12:00', '2017-08-25 10:58:00');
INSERT INTO `concap_goods` VALUES ('280', '0', '10', '80318', '安利时尚生活知识丝书之家居清洁', '15', '', '', '', '1', '0', '1', '2017-08-25 11:12:00', '2017-08-25 10:58:00');
INSERT INTO `concap_goods` VALUES ('281', '0', '10', '69104', '安利产品单张5份', '3', '', '', '', '1', '0', '1', '2017-08-25 11:12:00', '2017-08-25 10:58:00');
INSERT INTO `concap_goods` VALUES ('282', '0', '10', '69154', '安利产品目录', '5', '', '', '', '1', '0', '1', '2017-08-25 11:12:00', '2017-08-25 10:58:00');
INSERT INTO `concap_goods` VALUES ('283', '0', '10', '69103', '营销人员名片1盒', '10', '', '', '', '1', '0', '1', '2017-08-25 11:12:00', '2017-08-25 10:58:00');
INSERT INTO `concap_goods` VALUES ('284', '0', '10', '80298', '纽崔莱蛋白质粉、倍立健片单张5份', '3', '', '', '', '1', '0', '1', '2017-08-25 11:12:00', '2017-08-25 10:58:00');
INSERT INTO `concap_goods` VALUES ('285', '0', '10', '80780', '纽崔莱儿童营养保健食品单张5份', '3', '', '', '', '1', '0', '1', '2017-08-25 11:12:00', '2017-08-25 10:58:00');
INSERT INTO `concap_goods` VALUES ('286', '0', '10', '80141', '纽崔莱营养保健食品单张3份', '4', '', '', '', '1', '0', '1', '2017-08-25 11:12:00', '2017-08-25 10:58:00');
INSERT INTO `concap_goods` VALUES ('287', '0', '10', '69253', '纽崔莱品牌演示手册', '28', '', '', '', '1', '0', '1', '2017-08-25 11:12:00', '2017-08-25 10:58:00');
INSERT INTO `concap_goods` VALUES ('288', '0', '10', '69254', '纽崔莱的故事', '28', '', '', '', '1', '0', '1', '2017-08-25 11:12:00', '2017-08-25 10:57:00');
INSERT INTO `concap_goods` VALUES ('289', '0', '10', '80169', '纽崔莱营养保健食品产品手册', '4', '', '', '', '1', '0', '1', '2017-08-25 11:12:00', '2017-08-25 10:57:00');
INSERT INTO `concap_goods` VALUES ('290', '0', '10', '80174', '雅姿品牌手册', '20', '', '', '', '1', '0', '1', '2017-08-25 11:12:00', '2017-08-25 10:57:00');
INSERT INTO `concap_goods` VALUES ('291', '0', '10', '80121', '纽崔莱品牌DNA书签1套', '2', '', '', '', '1', '0', '1', '2017-08-25 11:12:00', '2017-08-25 10:57:00');
INSERT INTO `concap_goods` VALUES ('292', '0', '10', '80198', '安利皇后锅具二十一件套产品手册', '3', '', '', '', '1', '0', '1', '2017-08-25 11:12:00', '2017-08-25 10:57:00');
INSERT INTO `concap_goods` VALUES ('293', '0', '10', '80199', '安利皇后锅具二十一件套产品单张5份', '3', '', '', '', '1', '0', '1', '2017-08-25 11:12:00', '2017-08-25 10:57:00');
INSERT INTO `concap_goods` VALUES ('294', '0', '10', '80268', '安利皇后锅具二十一件套精选菜谱（附DVD）', '20', '', '', '', '1', '0', '1', '2017-08-25 11:12:00', '2017-08-25 10:57:00');
INSERT INTO `concap_goods` VALUES ('295', '0', '10', '80446', '安利皇后中式不锈钢炒锅产品手册（附DVD', '8', '', '', '', '1', '0', '1', '2017-08-25 11:12:00', '2017-08-25 10:57:00');
INSERT INTO `concap_goods` VALUES ('296', '0', '10', '80447', '安利皇后中式不锈钢炒锅产品单张5张', '2', '', '', '', '1', '0', '1', '2017-08-25 11:12:00', '2017-08-25 10:57:00');
INSERT INTO `concap_goods` VALUES ('297', '0', '10', '80535', '逸新空气净化器产品手册', '10', '', '', '', '1', '0', '1', '2017-08-25 11:12:00', '2017-08-25 10:57:00');
INSERT INTO `concap_goods` VALUES ('298', '0', '10', '80537', '逸新空气净化器产品抽拉模型', '8', '', '', '', '1', '0', '1', '2017-08-25 11:12:00', '2017-08-25 10:57:00');
INSERT INTO `concap_goods` VALUES ('299', '0', '10', '80536', '逸新空气净化器产品单张5份', '3', '', '', '', '1', '0', '1', '2017-08-25 11:12:00', '2017-08-25 10:57:00');
INSERT INTO `concap_goods` VALUES ('300', '0', '10', '79470', '优质营养 健康新生活VCD约13分钟', '12', '', '', '', '1', '0', '1', '2017-08-25 11:12:00', '2017-08-25 10:57:00');
INSERT INTO `concap_goods` VALUES ('301', '0', '10', '79430', '拥有健康卫士 尽显健美人生VCD约9分钟', '12', '', '', '', '1', '0', '1', '2017-08-25 11:12:00', '2017-08-25 10:57:00');
INSERT INTO `concap_goods` VALUES ('302', '0', '10', '80100', '纽崔莱倍立健片宣传片VCD约5分钟', '8', '', '', '', '1', '0', '1', '2017-08-25 11:12:00', '2017-08-25 10:57:00');
INSERT INTO `concap_goods` VALUES ('303', '0', '10', '79414', '不懈的追求 非凡的成就——纽崔莱发展历程DVD约52分钟', '20', '', '', '', '1', '0', '1', '2017-08-25 11:12:00', '2017-08-25 10:57:00');
INSERT INTO `concap_goods` VALUES ('304', '0', '10', '80200', '安利皇后锅具二十一件套产品宣传片DVD约7分钟', '8', '', '', '', '1', '0', '1', '2017-08-25 11:12:00', '2017-08-25 10:57:00');
INSERT INTO `concap_goods` VALUES ('305', '0', '10', '28215', '乐纤®谷物营养餐（清香玉米口味）', '290', null, null, null, '1', '0', '1', '2018-04-05 09:32:23', '2018-04-05 09:32:25');
INSERT INTO `concap_goods` VALUES ('306', '0', '10', '20505', '纽崔莱®维生素C片200片', '347', null, null, null, '1', '0', '1', '2018-04-05 09:33:04', '2018-04-05 09:33:06');
INSERT INTO `concap_goods` VALUES ('307', '0', '10', ' 20518', '纽崔莱倍益®舒片60片', '398', null, null, null, '1', '0', '1', '2018-04-05 09:34:05', '2018-04-05 09:34:07');
INSERT INTO `concap_goods` VALUES ('308', '0', '10', '22152', '纽崔莱®钙镁维Ｄ咀嚼片（儿童型）200片', '184', null, null, null, '1', '0', '1', '2018-04-05 09:34:46', '2018-04-05 09:34:49');
INSERT INTO `concap_goods` VALUES ('309', '2', '10', '30663', '丝婷TM修护亮采洗发露280ml', '75', '', '', '', '1', '0', '1', '2017-08-25 11:12:00', '2017-08-25 11:18:00');
INSERT INTO `concap_goods` VALUES ('340', '2', '10', '39597', '雅蜜®婴儿洗发沐浴露400ml', '160', '', '', '', '1', '0', '1', '2017-08-25 11:12:00', '2017-08-25 11:21:00');
INSERT INTO `concap_goods` VALUES ('341', '2', '10', '30677', '丝婷TM夜间修护精华乳100g', '135', '', '', '', '1', '0', '1', '2017-08-25 11:12:00', '2017-08-25 11:24:00');
INSERT INTO `concap_goods` VALUES ('342', '3', '10', '6594', '安利优生活®喷雾瓶（绿色）', '8', '', '', '', '1', '0', '1', '2017-08-25 11:12:00', '2017-08-25 11:27:00');

-- ----------------------------
-- Table structure for concap_goods_attach
-- ----------------------------
DROP TABLE IF EXISTS `concap_goods_attach`;
CREATE TABLE `concap_goods_attach` (
  `sysno` bigint(20) unsigned NOT NULL AUTO_INCREMENT COMMENT '自增主键',
  `goods_sysno` bigint(20) NOT NULL DEFAULT '0' COMMENT '商品id',
  `name` varchar(255) NOT NULL COMMENT '附件名称',
  `path` varchar(255) NOT NULL COMMENT '附件路径',
  `type` varchar(20) NOT NULL COMMENT '附件文件类型',
  `size` int(10) unsigned NOT NULL DEFAULT '0',
  `use` bigint(20) DEFAULT '0' COMMENT '用途：0主页 1 详情',
  `status` tinyint(1) NOT NULL DEFAULT '1' COMMENT '状态：1启用2停用',
  `isdel` tinyint(1) NOT NULL DEFAULT '0' COMMENT '逻辑删除：1是0否',
  `version` int(11) NOT NULL DEFAULT '1' COMMENT '版本号：不需要的不用管这字段',
  `created_at` datetime NOT NULL COMMENT '创建时间',
  `updated_at` datetime NOT NULL COMMENT '最后更新时间',
  PRIMARY KEY (`sysno`)
) ENGINE=InnoDB AUTO_INCREMENT=30 DEFAULT CHARSET=utf8 COMMENT='商品-附件表';

-- ----------------------------
-- Records of concap_goods_attach
-- ----------------------------
INSERT INTO `concap_goods_attach` VALUES ('1', '306', '20505-1-1200Wx1200H-200Wx200H.jpg', '/static/img/goods', 'image/jpeg', '0', '0', '1', '0', '1', '2018-04-05 09:23:43', '2018-04-05 09:23:45');
INSERT INTO `concap_goods_attach` VALUES ('2', '307', '20518-1-1200Wx1200H-200Wx200H.jpg', '/static/img/goods', 'image/jpeg', '0', '0', '1', '0', '1', '2018-04-05 09:50:03', '2018-04-05 09:50:05');
INSERT INTO `concap_goods_attach` VALUES ('3', '308', '22152-1-1200Wx1200H-200Wx200H.jpg', '/static/img/goods', 'image/jpeg', '0', '0', '1', '0', '1', '2018-04-05 09:50:09', '2018-04-05 09:50:12');
INSERT INTO `concap_goods_attach` VALUES ('4', '305', '28215-1-1200Wx1200H-200Wx200H.jpg', '/static/img/goods', 'image/jpeg', '0', '0', '1', '0', '1', '2018-04-05 09:50:14', '2018-04-05 09:50:18');
INSERT INTO `concap_goods_attach` VALUES ('5', '77', '30006-1-1200Wx1200H-200Wx200H.jpg', '/static/img/goods', 'image/jpeg', '0', '0', '1', '0', '1', '2018-04-05 11:42:10', '2018-04-05 11:42:13');
INSERT INTO `concap_goods_attach` VALUES ('6', '76', '31573-1-1200Wx1200H-200Wx200H.jpg', '/static/img/goods', 'image/jpeg', '0', '0', '1', '0', '1', '2018-04-05 09:50:00', '2018-04-05 09:50:00');
INSERT INTO `concap_goods_attach` VALUES ('7', '309', '30663-1-1200Wx1200H-200Wx200H.jpg', '/static/img/goods', 'image/jpeg', '0', '0', '1', '0', '1', '2018-04-05 09:50:00', '2018-04-05 09:50:00');
INSERT INTO `concap_goods_attach` VALUES ('8', '340', '39597-1-1200Wx1200H-200Wx200H.jpg', '/static/img/goods', 'image/jpeg', '0', '0', '1', '0', '1', '2018-04-05 09:50:00', '2018-04-05 09:50:00');
INSERT INTO `concap_goods_attach` VALUES ('9', '341', '30677-1-1200Wx1200H-200Wx200H.jpg', '/static/img/goods', 'image/jpeg', '0', '0', '1', '0', '1', '2018-04-05 11:42:00', '2018-04-05 11:42:00');
INSERT INTO `concap_goods_attach` VALUES ('10', '37', '2532-1-1200Wx1200H-200Wx200H.jpg', '/static/img/goods', 'image/jpeg', '0', '0', '1', '0', '1', '2018-04-05 13:34:00', '2018-04-05 13:34:00');
INSERT INTO `concap_goods_attach` VALUES ('11', '342', '6594-1-1200Wx1200H-200Wx200H.jpg', '/static/img/goods', 'image/jpeg', '0', '0', '1', '0', '1', '2018-04-05 15:26:00', '2018-04-05 15:26:00');
INSERT INTO `concap_goods_attach` VALUES ('12', '259', '61605-1-1200Wx1200H-200Wx200H.jpg', '/static/img/goods', 'image/jpeg', '0', '0', '1', '0', '1', '2018-04-05 17:18:00', '2018-04-05 17:18:00');
INSERT INTO `concap_goods_attach` VALUES ('13', '262', '65113-1-1200Wx1200H-200Wx200H.jpg', '/static/img/goods', 'image/jpeg', '0', '0', '1', '0', '1', '2018-04-05 19:10:00', '2018-04-05 19:10:00');
INSERT INTO `concap_goods_attach` VALUES ('14', '31', '2537-1-1200Wx1200H-200Wx200H.jpg', '/static/img/goods', 'image/jpeg', '0', '0', '1', '0', '1', '2018-04-05 21:02:00', '2018-04-05 21:02:00');

-- ----------------------------
-- Table structure for concap_goods_classify
-- ----------------------------
DROP TABLE IF EXISTS `concap_goods_classify`;
CREATE TABLE `concap_goods_classify` (
  `sysno` bigint(20) NOT NULL AUTO_INCREMENT COMMENT '自增主键',
  `classifyname` varchar(100) NOT NULL COMMENT '分类名称',
  `memo` varchar(1000) DEFAULT NULL COMMENT '备注',
  `status` tinyint(1) NOT NULL DEFAULT '1' COMMENT '状态：1启用2停用',
  `isdel` tinyint(1) NOT NULL DEFAULT '0' COMMENT '逻辑删除：1是0否',
  `created_at` datetime NOT NULL COMMENT '创建时间',
  `updated_at` datetime NOT NULL COMMENT '最后更新时间',
  PRIMARY KEY (`sysno`)
) ENGINE=InnoDB AUTO_INCREMENT=13 DEFAULT CHARSET=utf8 COMMENT='商品分类表';

-- ----------------------------
-- Records of concap_goods_classify
-- ----------------------------
INSERT INTO `concap_goods_classify` VALUES ('1', '纽崔莱', null, '1', '0', '2018-04-05 11:16:08', '2018-04-05 11:16:11');
INSERT INTO `concap_goods_classify` VALUES ('2', '个人护理', null, '1', '0', '2018-04-05 11:16:49', '2018-04-05 11:16:52');
INSERT INTO `concap_goods_classify` VALUES ('3', '家居护理', null, '1', '0', '2018-04-05 12:19:16', '2018-04-05 12:19:18');

-- ----------------------------
-- Table structure for concap_privilege
-- ----------------------------
DROP TABLE IF EXISTS `concap_privilege`;
CREATE TABLE `concap_privilege` (
  `sysno` bigint(20) unsigned NOT NULL AUTO_INCREMENT COMMENT '自增主键',
  `privilegeno` varchar(20) NOT NULL COMMENT '权限编号',
  `privilegename` varchar(50) NOT NULL COMMENT '权限名称',
  `privilegedesc` varchar(255) DEFAULT NULL,
  `privilegeresource` varchar(255) DEFAULT NULL COMMENT '权限资源',
  `parent_sysno` bigint(20) NOT NULL DEFAULT '0' COMMENT '所属上级主键，没有为0',
  `parentsysnotype` tinyint(1) NOT NULL DEFAULT '1' COMMENT '权限类型：1菜单2显示权限3操作权限',
  `menuorder` int(11) NOT NULL DEFAULT '1' COMMENT '数字越大越靠前',
  `privilegecontroller` varchar(50) NOT NULL COMMENT '用来权限判断controller',
  `privilegeaction` varchar(50) NOT NULL COMMENT '用来判断模块权限action',
  `needcheck` tinyint(4) NOT NULL DEFAULT '1' COMMENT '是否需要验证权限 0  否 1 是',
  `parentsysnoicon` varchar(255) DEFAULT NULL COMMENT '权限图标',
  `status` tinyint(1) NOT NULL DEFAULT '1' COMMENT '状态：1启用2停用',
  `isdel` tinyint(1) NOT NULL DEFAULT '0' COMMENT '逻辑删除：1是0否',
  `version` int(11) NOT NULL DEFAULT '1' COMMENT '版本号：不需要的不用管这字段',
  `created_at` datetime NOT NULL COMMENT '创建时间',
  `updated_at` datetime NOT NULL COMMENT '最后更新时间',
  PRIMARY KEY (`sysno`)
) ENGINE=InnoDB AUTO_INCREMENT=14 DEFAULT CHARSET=utf8 COMMENT='权限信息表';

-- ----------------------------
-- Records of concap_privilege
-- ----------------------------
INSERT INTO `concap_privilege` VALUES ('1', 'A0000', '系统管理', '', '', '0', '1', '-1', '', '', '1', '', '1', '0', '1', '0000-00-00 00:00:00', '2017-04-21 15:04:35');
INSERT INTO `concap_privilege` VALUES ('2', 'A0000-0001', '权限树', '', '/system/privilegetree', '1', '1', '3', '', '', '1', '', '1', '0', '1', '0000-00-00 00:00:00', '2017-02-26 21:34:39');
INSERT INTO `concap_privilege` VALUES ('3', 'A0000-0002', '角色', '', '/system/rolelist', '1', '1', '2', '', 'rolelist', '1', '', '1', '0', '1', '2016-12-31 20:44:15', '2017-06-02 22:23:28');
INSERT INTO `concap_privilege` VALUES ('4', 'A0000-0003', '账号', '', '/user/list', '1', '1', '1', '', 'list', '1', '', '1', '0', '1', '2017-02-26 21:33:53', '2017-02-26 21:33:53');
INSERT INTO `concap_privilege` VALUES ('5', 'A0001', '供应商管理', '', '', '0', '1', '5', '', '', '1', '', '1', '0', '1', '2017-08-25 15:40:56', '2018-04-04 10:30:33');
INSERT INTO `concap_privilege` VALUES ('6', 'A0002', '奖金管理', '', '', '0', '1', '2', '', '', '1', '', '1', '0', '1', '2017-08-25 15:41:22', '2017-08-25 15:41:22');
INSERT INTO `concap_privilege` VALUES ('7', 'A0003', '物流管理', '', '', '0', '1', '2', '', '', '1', '', '1', '0', '1', '2017-08-25 15:41:41', '2018-04-04 11:21:49');
INSERT INTO `concap_privilege` VALUES ('8', 'A0004', '商品管理', '', '', '0', '1', '4', '', '', '1', '', '1', '0', '1', '2017-08-25 15:44:09', '2018-04-04 11:21:37');
INSERT INTO `concap_privilege` VALUES ('9', 'A0001-0001', '供应商', '', '', '5', '1', '0', '', '', '1', '', '1', '0', '1', '2017-08-25 15:51:40', '2017-09-02 16:27:03');
INSERT INTO `concap_privilege` VALUES ('10', 'A0004', '商品列表', '', 'Goods/list', '8', '1', '0', '', 'list', '1', '', '1', '0', '1', '2017-08-25 15:52:16', '2017-08-25 16:22:24');
INSERT INTO `concap_privilege` VALUES ('11', 'A0001-0002', '奖金制度', '', 'Company/rules', '5', '1', '0', '', 'rules', '1', '', '2', '0', '1', '2017-08-28 20:38:51', '2018-04-05 15:25:50');
INSERT INTO `concap_privilege` VALUES ('12', 'A0001-0001-0001', '新增供应商', '', 'Company/edit', '9', '1', '0', '', 'edit', '1', '', '1', '0', '1', '2017-09-02 16:26:31', '2018-04-05 15:25:38');
INSERT INTO `concap_privilege` VALUES ('13', 'A0001-0001-0002', '供应商列表', '', 'Company/list', '9', '1', '-1', '', 'list', '1', '', '1', '0', '1', '2017-09-02 16:28:09', '2018-04-05 15:25:44');

-- ----------------------------
-- Table structure for concap_reward
-- ----------------------------
DROP TABLE IF EXISTS `concap_reward`;
CREATE TABLE `concap_reward` (
  `sysno` bigint(20) NOT NULL AUTO_INCREMENT,
  `user_sysno` bigint(20) DEFAULT NULL,
  `company_sysno` bigint(20) DEFAULT NULL,
  `time` date DEFAULT NULL,
  `amount` decimal(10,0) DEFAULT NULL,
  `memo` varchar(1000) CHARACTER SET utf8 DEFAULT NULL COMMENT '备注',
  `status` tinyint(1) NOT NULL DEFAULT '1' COMMENT '状态：1启用2停用',
  `isdel` tinyint(1) NOT NULL DEFAULT '0' COMMENT '逻辑删除：1是0否',
  `version` int(11) NOT NULL DEFAULT '1' COMMENT '版本号：不需要的不用管这字段',
  `created_at` datetime NOT NULL COMMENT '创建时间',
  `updated_at` datetime NOT NULL COMMENT '最后更新时间',
  PRIMARY KEY (`sysno`)
) ENGINE=InnoDB DEFAULT CHARSET=utf8 COLLATE=utf8_unicode_ci COMMENT='收益表';

-- ----------------------------
-- Records of concap_reward
-- ----------------------------

-- ----------------------------
-- Table structure for concap_role
-- ----------------------------
DROP TABLE IF EXISTS `concap_role`;
CREATE TABLE `concap_role` (
  `sysno` bigint(20) unsigned NOT NULL AUTO_INCREMENT COMMENT '自增主键',
  `roleno` varchar(20) NOT NULL COMMENT '角色编号',
  `rolename` varchar(50) NOT NULL COMMENT '角色名称',
  `roledesc` varchar(255) DEFAULT NULL COMMENT '角色描述',
  `status` tinyint(1) NOT NULL DEFAULT '1' COMMENT '状态：1启用2停用',
  `isdel` tinyint(1) NOT NULL DEFAULT '0' COMMENT '逻辑删除：1是0否',
  `version` int(11) NOT NULL DEFAULT '1' COMMENT '版本号：不需要的不用管这字段',
  `created_at` datetime NOT NULL COMMENT '创建时间',
  `updated_at` datetime NOT NULL COMMENT '最后更新时间',
  PRIMARY KEY (`sysno`)
) ENGINE=InnoDB AUTO_INCREMENT=12 DEFAULT CHARSET=utf8 COMMENT='角色信息表表';

-- ----------------------------
-- Records of concap_role
-- ----------------------------
INSERT INTO `concap_role` VALUES ('1', 'R0001', '超级管理员', '', '1', '0', '1', '0000-00-00 00:00:00', '2017-09-02 16:28:45');
INSERT INTO `concap_role` VALUES ('2', 'R0002', '董事长', '', '1', '0', '1', '2017-06-02 22:25:57', '2017-06-04 10:07:35');
INSERT INTO `concap_role` VALUES ('3', 'R0003', '总裁', '', '1', '0', '1', '2017-06-02 22:26:59', '2017-06-02 22:34:44');
INSERT INTO `concap_role` VALUES ('4', 'R0004', '总经理', '', '1', '0', '1', '2017-06-02 22:28:04', '2017-06-02 22:35:09');
INSERT INTO `concap_role` VALUES ('5', 'R0005', '省代理', '', '1', '0', '1', '2017-06-02 22:28:45', '2017-06-02 22:35:30');
INSERT INTO `concap_role` VALUES ('6', 'R0006', '市代理', '', '1', '0', '1', '2017-06-02 22:29:25', '2017-06-02 22:36:07');
INSERT INTO `concap_role` VALUES ('7', 'R0007', '钻石会员', '', '1', '0', '1', '2017-06-02 22:30:12', '2017-06-02 22:34:19');
INSERT INTO `concap_role` VALUES ('8', 'R0008', '黄金会员', '', '1', '0', '1', '2017-06-02 22:30:43', '2017-06-02 22:33:54');
INSERT INTO `concap_role` VALUES ('9', 'R0009', '铂金会员', '', '1', '0', '1', '2017-06-02 22:31:25', '2017-06-02 22:33:32');
INSERT INTO `concap_role` VALUES ('10', 'R0010', 'VIP会员', '', '1', '0', '1', '2017-06-02 22:32:06', '2017-06-02 22:33:10');
INSERT INTO `concap_role` VALUES ('11', 'R0011', '普通会员', '', '1', '0', '1', '2017-06-02 22:32:40', '2017-06-02 22:32:40');

-- ----------------------------
-- Table structure for concap_role_r_privilege
-- ----------------------------
DROP TABLE IF EXISTS `concap_role_r_privilege`;
CREATE TABLE `concap_role_r_privilege` (
  `sysno` bigint(20) unsigned NOT NULL AUTO_INCREMENT COMMENT '自增主键',
  `role_sysno` bigint(20) NOT NULL COMMENT '所属角色表主键',
  `privilege_sysno` bigint(20) NOT NULL COMMENT '所属权限表主键',
  PRIMARY KEY (`sysno`),
  KEY `role_sysno` (`role_sysno`),
  KEY `privilege_sysno` (`privilege_sysno`)
) ENGINE=InnoDB AUTO_INCREMENT=46 DEFAULT CHARSET=utf8 COMMENT='角色与权限多对多关系信息表';

-- ----------------------------
-- Records of concap_role_r_privilege
-- ----------------------------
INSERT INTO `concap_role_r_privilege` VALUES ('34', '1', '4');
INSERT INTO `concap_role_r_privilege` VALUES ('35', '1', '3');
INSERT INTO `concap_role_r_privilege` VALUES ('36', '1', '2');
INSERT INTO `concap_role_r_privilege` VALUES ('37', '1', '1');
INSERT INTO `concap_role_r_privilege` VALUES ('38', '1', '13');
INSERT INTO `concap_role_r_privilege` VALUES ('39', '1', '12');
INSERT INTO `concap_role_r_privilege` VALUES ('40', '1', '9');
INSERT INTO `concap_role_r_privilege` VALUES ('41', '1', '5');
INSERT INTO `concap_role_r_privilege` VALUES ('42', '1', '6');
INSERT INTO `concap_role_r_privilege` VALUES ('43', '1', '7');
INSERT INTO `concap_role_r_privilege` VALUES ('44', '1', '10');
INSERT INTO `concap_role_r_privilege` VALUES ('45', '1', '8');

-- ----------------------------
-- Table structure for concap_sales
-- ----------------------------
DROP TABLE IF EXISTS `concap_sales`;
CREATE TABLE `concap_sales` (
  `sysno` bigint(20) NOT NULL AUTO_INCREMENT,
  `user_sysno` bigint(20) DEFAULT NULL,
  `company_sysno` bigint(20) DEFAULT NULL,
  `goodsname` varchar(255) COLLATE utf8_unicode_ci DEFAULT NULL,
  `price` bigint(20) DEFAULT NULL,
  `number` bigint(20) DEFAULT NULL,
  `sales` decimal(10,0) DEFAULT NULL,
  `memo` varchar(1000) CHARACTER SET utf8 DEFAULT NULL COMMENT '备注',
  `status` tinyint(1) NOT NULL DEFAULT '1' COMMENT '状态：1启用2停用',
  `isdel` tinyint(1) NOT NULL DEFAULT '0' COMMENT '逻辑删除：1是0否',
  `version` int(11) NOT NULL DEFAULT '1' COMMENT '版本号：不需要的不用管这字段',
  `created_at` datetime NOT NULL COMMENT '创建时间',
  `updated_at` datetime NOT NULL COMMENT '最后更新时间',
  PRIMARY KEY (`sysno`)
) ENGINE=InnoDB DEFAULT CHARSET=utf8 COLLATE=utf8_unicode_ci COMMENT='订单表';

-- ----------------------------
-- Records of concap_sales
-- ----------------------------

-- ----------------------------
-- Table structure for concap_shopping_trolley
-- ----------------------------
DROP TABLE IF EXISTS `concap_shopping_trolley`;
CREATE TABLE `concap_shopping_trolley` (
  `sysno` bigint(20) NOT NULL AUTO_INCREMENT,
  `user_sysno` bigint(20) DEFAULT NULL,
  `goods_sysno` bigint(20) DEFAULT NULL,
  `number` bigint(20) DEFAULT NULL,
  `memo` varchar(1000) CHARACTER SET utf8 DEFAULT NULL COMMENT '备注',
  `status` tinyint(1) NOT NULL DEFAULT '1' COMMENT '状态：1启用2停用',
  `isdel` tinyint(1) NOT NULL DEFAULT '0' COMMENT '逻辑删除：1是0否',
  `version` int(11) NOT NULL DEFAULT '1' COMMENT '版本号：不需要的不用管这字段',
  `created_at` datetime NOT NULL COMMENT '创建时间',
  `updated_at` datetime NOT NULL COMMENT '最后更新时间',
  PRIMARY KEY (`sysno`)
) ENGINE=InnoDB DEFAULT CHARSET=utf8 COLLATE=utf8_unicode_ci COMMENT='购物车表';

-- ----------------------------
-- Records of concap_shopping_trolley
-- ----------------------------

-- ----------------------------
-- Table structure for concap_user
-- ----------------------------
DROP TABLE IF EXISTS `concap_user`;
CREATE TABLE `concap_user` (
  `sysno` bigint(20) NOT NULL AUTO_INCREMENT,
  `username` varchar(60) CHARACTER SET utf8 NOT NULL COMMENT '登录帐号',
  `userpwd` varchar(60) CHARACTER SET utf8 DEFAULT NULL COMMENT '登录密码',
  `realname` varchar(20) CHARACTER SET utf8 DEFAULT NULL COMMENT '用户姓名',
  `nickname` varchar(60) CHARACTER SET utf8 DEFAULT NULL COMMENT '昵称',
  `lastlogintime` datetime DEFAULT NULL COMMENT '最后登录时间',
  `lastloginip` varchar(255) CHARACTER SET utf8 DEFAULT NULL COMMENT '最后登录IP',
  `sex` bigint(1) DEFAULT NULL,
  `telephone` varchar(16) CHARACTER SET utf8 DEFAULT NULL,
  `email` varchar(60) CHARACTER SET utf8 DEFAULT NULL,
  `birthday` date DEFAULT NULL,
  `nation` varchar(20) CHARACTER SET utf8 DEFAULT NULL,
  `origin` varchar(60) CHARACTER SET utf8 DEFAULT NULL,
  `marriage` bigint(1) DEFAULT NULL,
  `politics` varchar(20) CHARACTER SET utf8 DEFAULT NULL,
  `education` varchar(60) CHARACTER SET utf8 DEFAULT NULL,
  `university` varchar(60) CHARACTER SET utf8 DEFAULT NULL,
  `major` varchar(60) CHARACTER SET utf8 DEFAULT NULL,
  `address` varchar(100) CHARACTER SET utf8 DEFAULT NULL,
  `idcard` varchar(18) CHARACTER SET utf8 DEFAULT NULL,
  `bankaccount` varchar(20) CHARACTER SET utf8 DEFAULT NULL,
  `memo` varchar(200) CHARACTER SET utf8 DEFAULT NULL,
  `status` tinyint(1) NOT NULL DEFAULT '1' COMMENT '状态：1启用2停用',
  `isdel` tinyint(1) NOT NULL DEFAULT '0' COMMENT '逻辑删除：1是0否',
  `version` int(11) NOT NULL DEFAULT '1' COMMENT '版本号：不需要的不用管这字段',
  `created_at` datetime NOT NULL COMMENT '创建时间',
  `updated_at` datetime NOT NULL COMMENT '最后更新时间',
  PRIMARY KEY (`sysno`)
) ENGINE=InnoDB AUTO_INCREMENT=2 DEFAULT CHARSET=utf8 COLLATE=utf8_unicode_ci COMMENT='会员表';

-- ----------------------------
-- Records of concap_user
-- ----------------------------
INSERT INTO `concap_user` VALUES ('1', '18801628396', '$2y$10$IFKLgA8ySNc1e3lyhyTPK.4DXbTCNhxL5GlAnVntm5qfwHarWgi8G', '伍贤能', 'lucky', '2018-04-05 15:17:50', '101.81.57.47', '1', '18801628396', '1287325403@qq.com', '1991-01-21', '汉', '湖南省', '0', '团员', '本科', '上海第二工业大学', '计算机科学与技术', '上海市虹口区吴淞路130号', null, null, null, '1', '0', '1', '2017-08-25 12:02:31', '2017-08-25 12:02:33');

-- ----------------------------
-- Table structure for concap_user_r_role
-- ----------------------------
DROP TABLE IF EXISTS `concap_user_r_role`;
CREATE TABLE `concap_user_r_role` (
  `sysno` bigint(20) unsigned NOT NULL AUTO_INCREMENT COMMENT '自增主键',
  `user_sysno` bigint(20) NOT NULL COMMENT '所属帐户信息表主键',
  `role_sysno` bigint(20) NOT NULL COMMENT '所属角色信息表主键',
  PRIMARY KEY (`sysno`)
) ENGINE=InnoDB AUTO_INCREMENT=2 DEFAULT CHARSET=utf8 COMMENT='帐户与角色多对多关系信息表';

-- ----------------------------
-- Records of concap_user_r_role
-- ----------------------------
INSERT INTO `concap_user_r_role` VALUES ('1', '1', '1');

-- ----------------------------
-- Table structure for concap_user_relationship
-- ----------------------------
DROP TABLE IF EXISTS `concap_user_relationship`;
CREATE TABLE `concap_user_relationship` (
  `sysno` bigint(20) NOT NULL AUTO_INCREMENT,
  `user_sysno` bigint(20) DEFAULT NULL,
  `parent_sysno` bigint(20) DEFAULT NULL,
  `company_sysno` bigint(20) DEFAULT NULL,
  `memo` varchar(1000) CHARACTER SET utf8 DEFAULT NULL COMMENT '备注',
  `status` tinyint(1) NOT NULL DEFAULT '1' COMMENT '状态：1启用2停用',
  `isdel` tinyint(1) NOT NULL DEFAULT '0' COMMENT '逻辑删除：1是0否',
  `version` int(11) NOT NULL DEFAULT '1' COMMENT '版本号：不需要的不用管这字段',
  `created_at` datetime NOT NULL COMMENT '创建时间',
  `updated_at` datetime NOT NULL COMMENT '最后更新时间',
  PRIMARY KEY (`sysno`)
) ENGINE=InnoDB DEFAULT CHARSET=utf8 COLLATE=utf8_unicode_ci COMMENT='会员关系表';

-- ----------------------------
-- Records of concap_user_relationship
-- ----------------------------
